1973,JAMES BLUNT,en,JAMESBLUNT.jpg,0,0
4 / 3 / 1943,LUCIO DALLA,it,LUCIODALLA.jpg,0,0
A CASA DI LUCA,SILVIA SALEMI,it,SILVIASALEMI.jpg,0,0
A CHI MI DICE,BLUE,it,BLUE.jpg,0,0
A CITTA’ ‘E PULECENELLA,MUSICA NAPOLETANA,it,MUSICANAPOLETANA.jpg,0,0
A GROOVY KIND OF LOVE,PHIL COLLINS,en,PHILCOLLINS.jpg,0,0
A MODO TUO,ELISA / LIGABUE,it,ELISALIGABUE.jpg,0,0
A NEW DAY HAS COME,CÈLINE DION,en,CLINEDION.jpg,0,0
A SALTY DOG,PROCOL HARUM,en,PROCOLHARUM.jpg,0,0
A SUMMER PLACE SOUNDTRACK,PERCY FAITH,en,PERCYFAITH.jpg,0,0
A TE,JOVANOTTI,it,JOVANOTTI.jpg,0,0
A THOUSAND YEARS,CHRISTINA PERRI,en,CHRISTINAPERRI.jpg,0,0
A WHITER SHADE OF PALE,PROCOL HARUM,en,PROCOLHARUM.jpg,0,0
A WHOLE NEW WORLD,PEABO BRYSON / R. BELLE,en,PEABOBRYSONR.BELLE.jpg,0,0
ABBRACCIAME,ANDREA SANNINO,it,ANDREASANNINO.jpg,0,0
ABSOLUTE BEGINNERS,DAVID BOWIE,en,DAVIDBOWIE.jpg,0,0
ACCIDENTI A TE,FIORDALISO,it,FIORDALISO.jpg,0,0
ACQUA NELL’ACQUA,CLAUDIO BAGLIONI,it,CLAUDIOBAGLIONI.jpg,0,0
ACQUARELLO,TOQUINHO,it,TOQUINHO.jpg,0,0
ADAGIO,LARA FABIAN,it,LARAFABIAN.jpg,0,0
ADESSO TU,EROS RAMAZZOTTI,it,EROSRAMAZZOTTI.jpg,0,0
AFRICA,TOTO,en,TOTO.jpg,0,0
AFTER ALL,PETER CETERA / CHER,en,PETERCETERACHER.jpg,0,0
AFTER THE LOVE HAS GONE,"EARTH, WIND / FIRE",en,EARTHWINDFIRE.jpg,0,0
AGAIN,JANET JACKSON,en,JANETJACKSON.jpg,0,0
AGAINST ALL ODDS,PHIL COLLINS,en,PHILCOLLINS.jpg,0,0
AGUAS DE MARÇO,TOM JOBIM,pt,TOMJOBIM.jpg,0,0
AIN’T NO SUNSHINE,BILL WITHERS,en,BILLWITHERS.jpg,0,0
AIN’T NOBODY,CHAKA KHAN,en,CHAKAKHAN.jpg,0,0
AL CENTRO DELLA MUSICA,RON,it,RON.jpg,0,0
ALBA,GIORGIA,it,GIORGIA.jpg,0,0
ALBACHIARA,VASCO ROSSI,it,VASCOROSSI.jpg,0,0
ALICE,FRANCESCO DE GREGORI,it,FRANCESCODEGREGORI.jpg,0,0
ALIVE AND KICKING,SIMPLE MINDS,en,SIMPLEMINDS.jpg,0,0
ALL AT ONCE,WHITNEY HOUSTON,en,WHITNEYHOUSTON.jpg,0,0
ALL BY MYSELF,BARRY MANILOW / CÈLINE DION,en,BARRYMANILOWCLINEDION.jpg,0,0
ALL OF ME,JOHN LEGEND,en,JOHNLEGEND.jpg,0,0
ALL THAT SHE WANTS,ACE OF BASE,en,ACEOFBASE.jpg,0,0
ALL THE MAN THAT I NEED,WHITNEY HOUSTON,en,WHITNEYHOUSTON.jpg,0,0
ALONE AGAIN  NATURALLY ),GILBERT O’SULLIVAN,en,GILBERTOSULLIVAN.jpg,0,0
ALTA MAREA,ANTONELLO VENDITTI,it,ANTONELLOVENDITTI.jpg,0,0
ALWAYS,ATLANTIC STARR,en,ATLANTICSTARR.jpg,0,0
ALWAYS,BON JOVI,en,BONJOVI.jpg,0,0
ALWAYS AND FOREVER,PAT METHENY,en,PATMETHENY.jpg,0,0
ALWAYS ON MY MIND,ELVIS PRESLEY,en,ELVISPRESLEY.jpg,0,0
AMANDA,BOSTON,en,BOSTON.jpg,0,0
AMAZING GRACE,ARTISTI VARI / VARIOUS ARTISTS,en,ARTISTIVARIVARIOUSARTISTS.jpg,0,0
AMICI MAI,ANTONELLO VENDITTI,it,ANTONELLOVENDITTI.jpg,0,0
AMICO,RENATO ZERO,it,RENATOZERO.jpg,0,0
AMORE CHE VIENI AMORE CHE VAI,FABRIZIO DE ANDRE’,it,FABRIZIODEANDRE.jpg,0,0
AMORE GRANDE AMORE LIBERO,IL GUARDIANO DEL FARO,it,ILGUARDIANODELFARO.jpg,0,0
AMORE UNICO AMORE,MINA,it,MINA.jpg,0,0
ANCORA,EDUARDO DE CRESCENZO,it,EDUARDODECRESCENZO.jpg,0,0
ANCORA UN MINUTO DI SOLE,EROS RAMAZZOTTI,it,EROSRAMAZZOTTI.jpg,0,0
AND I LOVE HER,THE BEATLES,en,THEBEATLES.jpg,0,0
ANGEL,SARAH McLACHLAN,en,SARAHMcLACHLAN.jpg,0,0
ANGEL OF THE NIGHT,DEE DEE BRIDGEWATER,en,DEEDEEBRIDGEWATER.jpg,0,0
ANGELA,CHECCO ZALONE,it,CHECCOZALONE.jpg,0,0
ANGELIA,RICHARD MARX,en,RICHARDMARX.jpg,0,0
ANGELS,ROBBIE WILLIAMS,en,ROBBIEWILLIAMS.jpg,0,0
ANGIE,ROLLING STONES,en,ROLLINGSTONES.jpg,0,0
ANIMA,RON,it,RON.jpg,0,0
ANIMA MIA,CUGINI DI CAMPAGNA,en,CUGINIDICAMPAGNA.jpg,0,0
ANNA,TOTO,en,TOTO.jpg,0,0
ANNA E MARCO,LUCIO DALLA,it,LUCIODALLA.jpg,0,0
ANNA VERRA’,PINO DANIELE,it,PINODANIELE.jpg,0,0
ANNIE’S SONG,JOHN DENVER,en,JOHNDENVER.jpg,0,0
ANOTHER DAY IN PARADISE,PHIL COLLINS,en,PHILCOLLINS.jpg,0,0
ANOTHER SAD LOVE SONG,TONI BRAXTON,en,TONIBRAXTON.jpg,0,0
ANY OTHER FOOLS,P. AUSTN / S. WATANABE,en,P.AUSTNS.WATANABE.jpg,0,0
ANYTHING,3 T,en,3T.jpg,0,0
ANYTIME YOU NEED A FRIEND,MARIAH CAREY,en,MARIAHCAREY.jpg,0,0
APOLOGIZE,ONE REPUBLIC,en,ONEREPUBLIC.jpg,0,0
APPENA IN TEMPO,RENATO ZERO,it,RENATOZERO.jpg,0,0
ARE YOU LONESOME TONIGHT,ELVIS PRESLEY,en,ELVISPRESLEY.jpg,0,0
ARRIVEDERCI ROMA,R. RASCEL / C. VILLA,en,R.RASCELC.VILLA.jpg,0,0
ARRIVERA’,MODA’ / EMMA MARRONE,it,MODAEMMAMARRONE.jpg,0,0
ARTHUR’S THEME,CHRISTOPHER CROSS,en,CHRISTOPHERCROSS.jpg,0,0
AS TIME GOES BY,CASABLANCA THEME,en,CASABLANCATHEME.jpg,0,0
AUTOSTRADA,DARIO BALDAN BEMBO,en,DARIOBALDANBEMBO.jpg,0,0
AVE MARIA,NOA,it,NOA.jpg,0,0
AVRAI,CLAUDIO BAGLIONI,it,CLAUDIOBAGLIONI.jpg,0,0
AZZURRO,ADRIANO CELENTANO,it,ADRIANOCELENTANO.jpg,0,0
BABE,STYX,en,STYX.jpg,0,0
BABY CAN I HOLD YOU TONIGHT,TRACY CHAPMAN,en,TRACYCHAPMAN.jpg,0,0
BABY ONE MORE TIME,BRITNEY SPEARS,en,BRITNEYSPEARS.jpg,0,0
BACK AT ONE,BRIAN McKNIGHT,en,BRIANMcKNIGHT.jpg,0,0
BACK FOR GOOD,TAKE THAT,en,TAKETHAT.jpg,0,0
BACK TO BLACK,AMY WINEHOUSE,en,AMYWINEHOUSE.jpg,0,0
BALLADE POUR ADELINE,RICHARD CLYDERMAN,en,RICHARDCLYDERMAN.jpg,0,0
BALLANDO AL BUIO,STADIO,it,STADIO.jpg,0,0
BANDIERA GIALLA,GIANNI PETTENATI,it,GIANNIPETTENATI.jpg,0,0
BANG BANG  MY BABY SHOT ME DOWN ),DALIDA,en,DALIDA.jpg,0,0
BASTA COSI’,NEGRAMARO / ELISA,it,NEGRAMAROELISA.jpg,0,0
BEAUTIFUL THAT WAY  LA VITA E BELLA ),NOA,en,NOA.jpg,0,0
BEAUTY AND THE BEAST,WALT DISNEY,en,WALTDISNEY.jpg,0,0
BECAUSE OF YOU,KELLY CLARKSON,en,KELLYCLARKSON.jpg,0,0
BECAUSE THE NIGHT,PATTI SMITH,en,PATTISMITH.jpg,0,0
BECAUSE YOU LOVED ME,CÈLINE DION,en,CLINEDION.jpg,0,0
BELLA,RICCARDO COCCIANTE,it,RICCARDOCOCCIANTE.jpg,0,0
BELLA D’ESTATE,MANGO,it,MANGO.jpg,0,0
BELLA SENZ’ANIMA,RICCARDO COCCIANTE,it,RICCARDOCOCCIANTE.jpg,0,0
BEN,MICHAEL JACKSON,en,MICHAELJACKSON.jpg,0,0
BESAME MUCHO,ARTISTI VARI / VARIOUS ARTISTS,en,ARTISTIVARIVARIOUSARTISTS.jpg,0,0
BEYOND THE SEA,ARTISTI VARI / VARIOUS ARTISTS,en,ARTISTIVARIVARIOUSARTISTS.jpg,0,0
BILLIE JEAN,MICHAEL JACKSON,en,MICHAELJACKSON.jpg,0,0
BIRDLAND,WEATHER REPORT / MANHATTAN TRANSFER,en,WEATHERREPORTMANHATTANTRANSFER.jpg,0,0
BISOGNO D’AMORE,DANILO AMERIO,it,DANILOAMERIO.jpg,0,0
BLADE RUNNER LOVE THEME,VANGELIS,en,VANGELIS.jpg,0,0
BLOWIN’ IN THE WIND,BOB DYLAN,en,BOBDYLAN.jpg,0,0
BLUE EYES,ELTON JOHN,en,ELTONJOHN.jpg,0,0
BLUE MOON,THE MARCELS / SINATRA / PRESLEY,en,THEMARCELSSINATRAPRESLEY.jpg,0,0
BLUE SPANISH EYES,ARTISTI VARI / VARIOUS ARTISTS,en,ARTISTIVARIVARIOUSARTISTS.jpg,0,0
BODY TALK,IMMAGINATION,en,IMMAGINATION.jpg,0,0
BORDERLINE,MADONNA,en,MADONNA.jpg,0,0
BOTH SIDES NOW,JONI MITCHELL,en,JONIMITCHELL.jpg,0,0
BRAZIL  AQUARELA DO BRAZIL ),ARY BARROSO,pt,ARYBARROSO.jpg,0,0
BREAKFAST IN AMERICA,SUPERTRAMP,en,SUPERTRAMP.jpg,0,0
BREAKOUT,SWING OUT SISTER,en,SWINGOUTSISTER.jpg,0,0
BRIVIDO CALDO,MATIA BAZAR,it,MATIABAZAR.jpg,0,0
BROKEN WINGS,MR. MISTER,en,MR.MISTER.jpg,0,0
BROTHERS IN ARMS,DIRE STRAITS,en,DIRESTRAITS.jpg,0,0
BUONANOTTE A TE,FABIO CONCATO,it,FABIOCONCATO.jpg,0,0
C’È,STADIO,en,STADIO.jpg,0,0
C’È CHE TI AMO,ARIANNA,it,ARIANNA.jpg,0,0
C’È TUTTO UN MONDO INTORNO,MATIA BAZAR,it,MATIABAZAR.jpg,0,0
CALIFORNIA DREAMIN’,THE MAMAS / THE PAPAS,en,THEMAMASTHEPAPAS.jpg,0,0
CALLING YOU,BAGDAD CAFE’,en,BAGDADCAFE.jpg,0,0
CAMBIARE,ALEX BARONI,it,ALEXBARONI.jpg,0,0
CAN YOU FEEL THE LOVE TONIGHT,ELTON JOHN,en,ELTONJOHN.jpg,0,0
CAN’T FIGHT THIS FEELING,REO SPEEDWAGON,en,REOSPEEDWAGON.jpg,0,0
CAN’T HELP FALLING IN LOVE,ELVIS PRESLEY,en,ELVISPRESLEY.jpg,0,0
CAN’T STOP LOVING YOU,PHIL COLLINS,en,PHILCOLLINS.jpg,0,0
CAN’T TAKE MY EYES OFF OF YOU,G. GAYNOR,en,G.GAYNOR.jpg,0,0
CANDLE IN THE WIND,ELTHON JOHN,en,ELTHONJOHN.jpg,0,0
CANZONE,LUCIO DALLA,it,LUCIODALLA.jpg,0,0
CANZONI STONATE,G. MORANDI / ANDREA BOCELLI,en,G.MORANDIA.BOCELLI.jpg,0,0
CARELESS WHISPER,GEORGE MICHAEL,en,GEORGEMICHAEL.jpg,0,0
CAROLINA IN MY MIND,JAMES TAYLOR,en,JAMESTAYLOR.jpg,0,0
CARUSO,LUCIO DALLA,it,LUCIODALLA.jpg,0,0
CASATSCHOK,DORI GHEZZI,en,DORIGHEZZI.jpg,0,0
CELESTE NOSTALGIA,RICCARDO COCCIANTE,it,RICCARDOCOCCIANTE.jpg,0,0
CENERENTOLA INNAMORATA,MARCO MASINI,it,MARCOMASINI.jpg,0,0
CENTRO DI GRAVITA’ PERMANENTE,FRANCO BATTIATO,it,FRANCOBATTIATO.jpg,0,0
CERTE NOTTI,LIGABUE,it,LIGABUE.jpg,0,0
CHAMPAGNE,P. DI CAPRI / ANDREA BOCELLI,en,P.DICAPRIANDREABOCELLI.jpg,0,0
CHANGE THE WORLD,ERIC CLAPTON,en,ERICCLAPTON.jpg,0,0
CHARIOTS OF FIRE,VANGELIS,en,VANGELIS.jpg,0,0
CHE IDEA,NEW TROLLS,en,NEWTROLLS.jpg,0,0
CHE SARA’,JOSE’ FELICIANO / RICCHI E POVERI,en,JOSEFELICIANORICCHIEPOVERI.jpg,0,0
CHE SARA’ DI ME,MASSIMO DI CATALDO,it,MASSIMODICATALDO.jpg,0,0
CHEEK TO CHEEK,SINATRA / FITZGERALD,en,SINATRAFITZGERALD.jpg,0,0
CHERISH,KOOL AND THE GANG,en,KOOLANDTHEGANG.jpg,0,0
CHIEDI CHI ERANO I BEATLES,G. MORANDI / STADIO,it,G.MORANDISTADIO.jpg,0,0
CHILD OF MAN,NOA,en,NOA.jpg,0,0
CHILDHOOD,MICHAEL JACKSON,en,MICHAELJACKSON.jpg,0,0
CHILDREN,ROBERT MILES,en,ROBERTMILES.jpg,0,0
CI PENSERÒ DOMANI,POOH,it,POOH.jpg,0,0
CI VORREBBE UN AMICO,A. VENDITTI,it,A.VENDITTI.jpg,0,0
CINQUE GIORNI,MICHELE ZARRILLO,it,MICHELEZARRILLO.jpg,0,0
CIRCLE OF LIFE,ELTON JOHN,en,ELTONJOHN.jpg,0,0
CLOSE TO YOU,BART BACHARACH / CARPENTERS,en,BARTBACHARACHCARPENTERS.jpg,0,0
COME HAI POTUTO,MICHELE ZARRILLO,it,MICHELEZARRILLO.jpg,0,0
COME PASSA IL TEMPO,"DIK DIK, VANDELLI / CAMALEONTI",en,DIKDIKVANDELLICAMALEONTI.jpg,0,0
COME PRIMA,TONY DALLARA,en,TONYDALLARA.jpg,0,0
COME SAPREI,GIORGIA,it,GIORGIA.jpg,0,0
COME SI CAMBIA,FIORELLA MANNOIA,it,FIORELLAMANNOIA.jpg,0,0
COME UN PITTORE,MODA’,it,MODA.jpg,0,0
COME VORREI,RICCHI E POVERI,it,RICCHIEPOVERI.jpg,0,0
COMFORTABLY NUMB,PINK FLOYD,en,PINKFLOYD.jpg,0,0
COMING AROUND AGAIN,CARLY SIMON,en,CARLYSIMON.jpg,0,0
CON CHE CUORE,ANTONELLO VENDITTI,it,ANTONELLOVENDITTI.jpg,0,0
CON IL NASTRO ROSA,LUCIO BATTISTI,it,LUCIOBATTISTI.jpg,0,0
CON TE PARTIRO’,ANDREA BOCELLI,it,ANDREABOCELLI.jpg,0,0
CONFUSI IN UN PLAYBACK,ENRICO RUGGERI,en,ENRICORUGGERI.jpg,0,0
CONTO SU DI TE,ADRIANO CELENTANO,it,ADRIANOCELENTANO.jpg,0,0
CORCOVADO,TOM JOBIM,en,TOMJOBIM.jpg,0,0
COSA RESTERA’ DEGLI ANNI ‘80,RAF,it,RAF.jpg,0,0
COSA RIMANE DI NOI,MASSIMO DI CATALDO,en,MASSIMODICATALDO.jpg,0,0
COSE DELLA VITA,EROS RAMAZZOTTI / TINA TURNER,en,EROSRAMAZZOTTITINATURNER.jpg,0,0
COSÌ PRESTO NO,BIAGIO ANTONACCI,it,BIAGIOANTONACCI.jpg,0,0
COULD IT BE MAGIC,BARRY MANILOW,en,BARRYMANILOW.jpg,0,0
COULD’VE BEEN,TIFFANY,en,TIFFANY.jpg,0,0
CRAZY FOR YOU,MADONNA,en,MADONNA.jpg,0,0
CREEP,RADIOHEAD,en,RADIOHEAD.jpg,0,0
CU’ MME,M. MARTINI / R. MUROLO,en,M.MARTINIR.MUROLO.jpg,0,0
CUANDO TE BESO,JUAN LUIS GUERRA,es,JUANLUISGUERRA.jpg,0,0
CUORE A META’,PINO DANIELE,it,PINODANIELE.jpg,0,0
DAMMI SOLO UN MINUTO,POOH,it,POOH.jpg,0,0
DANCING,ELISA,en,ELISA.jpg,0,0
DANCING IN THE DARK,BRUCE SPRINGSTEEN,en,BRUCESPRINGSTEEN.jpg,0,0
DANCING QUEEN,ABBA,en,ABBA.jpg,0,0
DANIEL,ELTON JOHN,en,ELTONJOHN.jpg,0,0
DESPACITO,LUIS FONSI / DADDY YANKEE,es,LUISFONSIDADDYYANKEE.jpg,0,0
DESPERADO,EAGLES,en,EAGLES.jpg,0,0
DETTAGLI,ORNELLA VANONI,it,ORNELLAVANONI.jpg,0,0
DI SOLE E D’AZZURRO,GIORGIA,it,GIORGIA.jpg,0,0
DIAMANTE,ZUCCHERO,en,ZUCCHERO.jpg,0,0
DIDN’T WE ALMOST HAVE IT ALL,WHITNEY HOUSTON,en,WHITNEYHOUSTON.jpg,0,0
DIMMI CHI DORME ACCANTO A ME,RENATO ZERO,it,RENATOZERO.jpg,0,0
DIMMI DI SI’,POOH,it,POOH.jpg,0,0
DIMMI DOVE SEI,POOH,en,POOH.jpg,0,0
DO IT AGAIN,STEELY DAN,en,STEELYDAN.jpg,0,0
DO YOU KNOW WHERE YOU’RE GOING TO ?,DIANA ROSS,en,DIANAROSS.jpg,0,0
DO YOU REALLY WANT TO HURT ME ?,CULTURE CLUB,en,CULTURECLUB.jpg,0,0
DOLCE VITA,RYAN PARIS,en,RYANPARIS.jpg,0,0
DOLCISSIMA,MARIO LAVEZZI,it,MARIOLAVEZZI.jpg,0,0
DOMANI E’ UN ALTRO GIORNO,ORNELLA VANONI,it,ORNELLAVANONI.jpg,0,0
DOMENICA BESTIALE,FABIO CONCATO,it,FABIOCONCATO.jpg,0,0
DON’T CRY FOR ME ARGENTINA,EVITA / MADONNA,en,EVITAMADONNA.jpg,0,0
DON’T DREAM IT’S OVER,DIANA KRALL,en,DIANAKRALL.jpg,0,0
DON’T KNOW MUCH,AARON NEVILLE / LINDA RONSTADT,en,AARONNEVILLELINDARONSTADT.jpg,0,0
DON’T KNOW WHY,NORAH JONES,en,NORAHJONES.jpg,0,0
DON’T LET ME BE LONELY TONIGHT,JAMES TAYLOR,en,JAMESTAYLOR.jpg,0,0
DON’T LET THE SUN GO DOWN ON ME,ELTON JOHN,en,ELTONJOHN.jpg,0,0
DON’T SAY YOU LOVE ME,THE CORRS,en,THECORRS.jpg,0,0
DON’T WANNA LOSE YOU,GLORIA ESTEFAN,en,GLORIAESTEFAN.jpg,0,0
DON’T YOU,SIMPLE MINDS,en,SIMPLEMINDS.jpg,0,0
DONNA,MIA MARTINI,it,MIAMARTINI.jpg,0,0
DONNA CON TE,ANNA OXA,it,ANNAOXA.jpg,0,0
DONNE,ZUCCHERO,en,ZUCCHERO.jpg,0,0
DOV’ERI,IVANA SPAGNA,en,IVANASPAGNA.jpg,0,0
DREAMING OF YOU,SELENA,en,SELENA.jpg,0,0
DRIVE,THE CARS,en,THECARS.jpg,0,0
DUE,RAF,it,RAF.jpg,0,0
E COSI ADDIO,ANONIMO ITALIANO,it,ANONIMOITALIANO.jpg,0,0
E DIMMI CHE NON VUOI MORIRE,PATTY PRAVO,it,PATTYPRAVO.jpg,0,0
E’ FESTA,FABIO CONCATO,it,FABIOCONCATO.jpg,0,0
E IO PENSO A TE,IVANA SPAGNA,it,IVANASPAGNA.jpg,0,0
E LA CHIAMANO ESTATE,BRUNO MARTINO,it,BRUNOMARTINO.jpg,0,0
"E LA VITA, LA VITA",COCHI E RENATO,it,COCHIERENATO.jpg,0,0
E PENSO A TE,BATTISTI / MINA,it,BATTISTIMINA.jpg,0,0
E POI,GIORGIA,it,GIORGIA.jpg,0,0
E QUEL GIORNO NON MI PERDERAI PIU’,FRANCO FASANO,it,FRANCOFASANO.jpg,0,0
E RITORNO DA TE,LAURA PAUSINI,it,LAURAPAUSINI.jpg,0,0
E’ TUTTO UN ATTIMO,ANNA OXA,en,ANNAOXA.jpg,0,0
E’ VERO CHE VUOI RESTARE,ALESSANDRA AMOROSO,it,ALESSANDRAAMOROSO.jpg,0,0
EARTH SONG,MICHAEL JACKSON,en,MICHAELJACKSON.jpg,0,0
EASIER SAID THAN DONE,SHAKATAK,en,SHAKATAK.jpg,0,0
EASY LOVER,PHIL COLLINS,en,PHILCOLLINS.jpg,0,0
EBONY AND IVORY,PAUL McCARTNEY / STEVIE WONDER,en,PAULMcCARTNEYSTEVIEWONDER.jpg,0,0
EL TALISMÁN,ROSANA ARBELO,es,ROSANAARBELO.jpg,0,0
END OF THE ROAD,BOYZ II MEN,en,BOYZIIMEN.jpg,0,0
ENDLESS LOVE,LIONEL RICHIE / DIANA ROSS,en,LIONELRICHIEDIANAROSS.jpg,0,0
ENGLISH MAN IN NEW YORK,STING,en,STING.jpg,0,0
EQUILIBRIO INSTABILE,STADIO,it,STADIO.jpg,0,0
ERBA DI CASA MIA,MASSIMO RANIERI,it,MASSIMORANIERI.jpg,0,0
ESTATE,BRUNO MARTINO,it,BRUNOMARTINO.jpg,0,0
ETERNAL FLAME,THE BANGLES,en,THEBANGLES.jpg,0,0
ETERNITY,ROBBIE WILLIAMS,en,ROBBIEWILLIAMS.jpg,0,0
EUROPA,CARLOS SANTANA,en,CARLOSSANTANA.jpg,0,0
EVERGREEN,BARBRA STREISAND,en,BARBRASTREISAND.jpg,0,0
EVERY BREATH YOU TAKE,STING,en,STING.jpg,0,0
EVERYBODY WANTS TO RULE THE WORLD,TEARS FOR FEARS,en,TEARSFORFEARS.jpg,0,0
EVERYBODYS CHANGING,KEANE,en,KEANE.jpg,0,0
EVERYTHING I DO  I DO IT FOR YOU ),BRYAN ADAMS,en,BRYANADAMS.jpg,0,0
EYE IN THE SKY,ALAN PARSONS,en,ALANPARSONS.jpg,0,0
EYE IN THE SKY,NOA,en,NOA.jpg,0,0
EYE OF THE TIGER,SURVIVOR,en,SURVIVOR.jpg,0,0
FABLE,ROBERT MILES,en,ROBERTMILES.jpg,0,0
FALLEN,LAUREN WOOD  PRETTY WOMAN THEME ),en,LAURENWOODPRETTYWOMANTHEME.jpg,0,0
FANTASY,"EARTH, WIND AND FIRE",en,EARTHWINDANDFIRE.jpg,0,0
FASCINATION,NAT KING COLE,en,NATKINGCOLE.jpg,0,0
FATHER AND SON,CAT STEVENS,en,CATSTEVENS.jpg,0,0
FAVOLA,EROS RAMAZZOTTI,it,EROSRAMAZZOTTI.jpg,0,0
FEEL,ROBBIE WILLIAMS,en,ROBBIEWILLIAMS.jpg,0,0
FEELINGS,MORRIS ALBERT,en,MORRISALBERT.jpg,0,0
FEELS LIKE HOME,CHANTAL KREVIAZUK,en,CHANTALKREVIAZUK.jpg,0,0
FELICITA’,LUCIO DALLA,it,LUCIODALLA.jpg,0,0
FERNANDO,ABBA,en,ABBA.jpg,0,0
FIELDS OF GOLD,STING,da,STING.jpg,0,0
FIGLI DELLE STELLE,ALAN SORRENTI,it,ALANSORRENTI.jpg,0,0
FIGLI DI CHI,MIETTA / RAGAZZI DI VIA MEDA,it,MIETTARAGAZZIDIVIAMEDA.jpg,0,0
FIGLIO DELLA LUNA,MECANO,it,MECANO.jpg,0,0
FINALLY,FERGIE,en,FERGIE.jpg,0,0
FINALMENTE TU,FIORELLO,en,FIORELLO.jpg,0,0
FINE CORSA,M. DI CATALDO / RENATO ZERO,en,M.DICATALDORENATOZERO.jpg,0,0
FINGERE DI TE,GINO PAOLI / ORNELLA VANONI,en,GINOPAOLIORNELLAVANONI.jpg,0,0
FINO ALLA FINE DEL MONDO,GIANNI MORANDI,en,GIANNIMORANDI.jpg,0,0
FIORE DI MAGGIO,FABIO CONCATO,it,FABIOCONCATO.jpg,0,0
FLASHDANCE LOVE THEME,HELEN ST. JOHN,en,HELENSTJOHN.jpg,0,0
FLY ME TO THE MOON,FRANK SINATRA,en,FRANKSINATRA.jpg,0,0
FOR ONCE IN MY LIFE,FRANK SINATRA,en,FRANKSINATRA.jpg,0,0
FOR YOUR EYES ONLY,SHEENA EASTON,en,SHEENAEASTON.jpg,0,0
FOR YOUR LOVE,STEVIE WONDER,en,STEVIEWONDER.jpg,0,0
FOREVER TONIGHT  I WANNA TAKE ),PETER CETERA,en,PETERCETERA.jpg,0,0
FOREVER YOUNG,ALPHAVILLE,no,ALPHAVILLE.jpg,0,0
FORREST GUMP THEME,ALAN SILVESTRI,en,ALANSILVESTRI.jpg,0,0
FOTOGRAFIE,CLAUDIO BAGLIONI,it,CLAUDIOBAGLIONI.jpg,0,0
FRAGILE,STING,da,STING.jpg,0,0
FRAGILE,STING,it,STING.jpg,0,0
FROM A DISTANCE,BETTE MIDLER,en,BETTEMIDLER.jpg,0,0
FROM THIS MOMENT,SHANIA TWAIN,en,SHANIATWAIN.jpg,0,0
FROZEN,MADONNA,en,MADONNA.jpg,0,0
FUMO NEGLI OCCHI,CELENTANO / MORANDI,it,CELENTANOMORANDI.jpg,0,0
GAMMA,ENRICO SIMONETTI,it,ENRICOSIMONETTI.jpg,0,0
GENERALE,FRANCESCO DE GREGORI,it,FRANCESCODEGREGORI.jpg,0,0
GEORGIA ON MY MIND,RAY CHARLES,en,RAYCHARLES.jpg,0,0
GEORGY PORGY,TOTO,en,TOTO.jpg,0,0
GET HERE,OLETA ADAMS,en,OLETAADAMS.jpg,0,0
GIGI,FABIO CONCATO,it,FABIOCONCATO.jpg,0,0
GIU’ LA TESTA,ENNIO MORRICONE,en,ENNIOMORRICONE.jpg,0,0
GIUDIZI UNIVERSALI,SAMUELE BERSANI,it,SAMUELEBERSANI.jpg,0,0
GIVE ME THE NIGHT,GEORGE BENSON,en,GEORGEBENSON.jpg,0,0
GLORIA,UMBERTO TOZZI,it,UMBERTOTOZZI.jpg,0,0
GLORY OF LOVE,PETER CETERA,en,PETERCETERA.jpg,0,0
GO THE DISTANCE,MICHAEL BOLTON,en,MICHAELBOLTON.jpg,0,0
GOING HOME  LOCAL HERO SOUNDTRACK ),DIRE STRAITS,en,DIRESTRAITS.jpg,0,0
GONE TOO SOON,MICHAEL JACKSON,en,MICHAELJACKSON.jpg,0,0
GOODBYE,SPICE GIRLS,en,SPICEGIRLS.jpg,0,0
GOODBYE YELLOW BRICK ROAD,ELTHON JOHN,en,ELTHONJOHN.jpg,0,0
GOODNIGHT MOON,SHIVAREE,en,SHIVAREE.jpg,0,0
GRANDE AMORE,MINA,it,MINA.jpg,0,0
"GRANDE, GRANDE, GRANDE",MINA,en,MINA.jpg,0,0
GREASE,J. TRAVOLTA / O. NEWTON JOHN,en,J.TRAVOLTAO.NEWTONJOHN.jpg,0,0
GROWN UP CHRISTMAS LIST,DAVID FOSTER / N. COLE,en,DAVIDFOSTERN.COLE.jpg,0,0
GUANTANAMERA,COMPAY SEGUNDO,es,COMPAYSEGUNDO.jpg,0,0
HALLELUJAH,LEONARD COHEN / ALEXANDRA BURKE,en,LEONARDCOHENALEXANDRABURKE.jpg,0,0
HAPPY TOGETHER,THE TURTLES,en,THETURTLES.jpg,0,0
HARD TO SAY I’M SORRY,CHICAGO,en,CHICAGO.jpg,0,0
HAUNTING ME,DAVE GRUSIN,en,DAVEGRUSIN.jpg,0,0
HAVE I TOLD YOU LATELY,ROD STEWART / VAN MORRISON,en,RODSTEWARTVANMORRISON.jpg,0,0
HAVE YOU EVER,BRANDY,en,BRANDY.jpg,0,0
HAVE YOU EVER,S CLUB 7,en,SCLUB7.jpg,0,0
HAVE YOU EVER REALLY LOVED A WOMAN ?,BRYAN ADAMS,en,BRYANADAMS.jpg,0,0
HAVE YOU EVER SEEN THE RAIN ?,ROD STEWART,en,RODSTEWART.jpg,0,0
HAVE YOURSELF A MERRY LITTLE CHRISTMAS,SINATRA,Error,SINATRA.jpg,0,0
HEAL THE WORLD,MICHAEL JACKSON,en,MICHAELJACKSON.jpg,0,0
HEART’S HORIZON,AL JARREAU,en,ALJARREAU.jpg,0,0
HEARTBREAKER,DIONNE WARWICK / BEE GEES,en,DIONNEWARWICKBEEGEES.jpg,0,0
HEAVEN,BRYAN ADAMS,tr,BRYANADAMS.jpg,0,0
HELLO,LIONEL RICHIE,en,LIONELRICHIE.jpg,0,0
HERE COMES THE SUN,THE BEATLES,en,THEBEATLES.jpg,0,0
HERO,ENRIQUE IGLESIAS,en,ENRIQUEIGLESIAS.jpg,0,0
HERO,MARIAH CAREY,en,MARIAHCAREY.jpg,0,0
HEY JUDE,THE BEATLES,en,THEBEATLES.jpg,0,0
HIGH,LIGHTHOUSE FAMILY,en,LIGHTHOUSEFAMILY.jpg,0,0
HIGH AND DRY,JAMIE CALLUM,en,JAMIECALLUM.jpg,0,0
HO DIFESO IL MIO AMORE,NOMADI,it,NOMADI.jpg,0,0
HO IMPARATO A SOGNARE,NEGRITA / FIORELLA MANNOIA,it,NEGRITAFIORELLAMANNOIA.jpg,0,0
HOLD ME FOR A WHILE,OLETA ADAMS,en,OLETAADAMS.jpg,0,0
HOLD ME NOW,JOHNNY LOGAN,en,JOHNNYLOGAN.jpg,0,0
HOLDING BACK THE YEARS,SIMPLY RED,en,SIMPLYRED.jpg,0,0
HONESTY,BILLY JOEL,en,BILLYJOEL.jpg,0,0
HOPELESSLY DEVOTED TO YOU,OLIVIA NEWTON JOHN,en,OLIVIANEWTONJOHN.jpg,0,0
HOT STUFF,DONNA SUMMER,en,DONNASUMMER.jpg,0,0
HOTEL CALIFORNIA,EAGLES,en,EAGLES.jpg,0,0
HOUSE OF THE RISING SUN,THE ANIMALS,en,THEANIMALS.jpg,0,0
HOW AM I SUPPOSED TO LIVE WHITHOUT YOU,M. BOLTON,en,M.BOLTON.jpg,0,0
HOW DEEP IS YOUR LOVE,BEE GEES,en,BEEGEES.jpg,0,0
HOW DO YOU KEEP THE MUSIC PLAYING,VARIOUS ARTISTS,en,VARIOUSARTISTS.jpg,0,0
HOW INSENSITIVE,TOM JOBIM,en,TOMJOBIM.jpg,0,0
HOW MANY LIES,SPANDAU BALLET,en,SPANDAUBALLET.jpg,0,0
HOW SWEET IT IS TO BE LOVED BY YOU,JAMES TAYLOR,en,JAMESTAYLOR.jpg,0,0
HOY,GLORIA ESTEFAN,en,GLORIAESTEFAN.jpg,0,0
HUMAN NATURE,MICHAEL JACKSON,en,MICHAELJACKSON.jpg,0,0
HURT,CHRISTINA AGUILERA,en,CHRISTINAAGUILERA.jpg,0,0
I BELIEVE I CAN FLY,R. KELLY,en,R.KELLY.jpg,0,0
I BELIEVE IN LOVE,JAMES INGRAM / SALLY YEH,en,JAMESINGRAMSALLYYEH.jpg,0,0
I CAN LOVE YOU LIKE THAT,ALL 4 ONE,en,ALL4ONE.jpg,0,0
I CAN WAIT FOREVER,AIR SUPPLY,en,AIRSUPPLY.jpg,0,0
I CAN’T HELP IT,MICHAEL JACKSON,en,MICHAELJACKSON.jpg,0,0
I CAN’T MAKE YOU LOVE ME,BONNIE RAITT,en,BONNIERAITT.jpg,0,0
I CAN’T TELL YOU WHY,EAGLES,en,EAGLES.jpg,0,0
I COULD FALL IN LOVE,SELENA,en,SELENA.jpg,0,0
I DO CHERISH YOU ),98 DEGREES,en,98DEGREES.jpg,0,0
I DON'T HAVE THE HEART,JAMES INGRAM,en,JAMESINGRAM.jpg,0,0
I DON’T KNOW HOW TO LOVE HIM,JESUS CHRIST SUPERSTAR,en,JESUSCHRISTSUPERSTAR.jpg,0,0
I DON’T WANT TO MISS A THING,AEROSMITH,en,AEROSMITH.jpg,0,0
I DON’T WANT TO TALK ABOUT IT,ROD STEWART,en,RODSTEWART.jpg,0,0
I DREAMED A DREAM,SUSAN BOYLE,en,SUSANBOYLE.jpg,0,0
I GOT RHYTHM,FITZGERALD / COLTRANE / SINATRA,it,FITZGERALDCOLTRANESINATRA.jpg,0,0
I HAVE NOTHING,WHITNEY HOUSTON,en,WHITNEYHOUSTON.jpg,0,0
I HOPE YOU DANCE,LEE ANN WOMACK,en,LEEANNWOMACK.jpg,0,0
I JUST CALLED TO SAY I LOVE YOU,STEVIE WONDER,en,STEVIEWONDER.jpg,0,0
I JUST CAN’T STOP LOVING YOU,MICHAEL JACKSON,en,MICHAELJACKSON.jpg,0,0
I JUST HAD TO HEAR YOUR VOICE,OLETA ADAMS,en,OLETAADAMS.jpg,0,0
I JUST WANNA HANG AROUND YOU,GEORGE BENSON,en,GEORGEBENSON.jpg,0,0
I JUST WANNA STOP,GINO VANNELLI,it,GINOVANNELLI.jpg,0,0
I KNOW HIM SO WELL,WHITNEY HOUSTON,en,WHITNEYHOUSTON.jpg,0,0
I LIKE CHOPIN,GAZEBO,hr,GAZEBO.jpg,0,0
I MIEI MITI,RENATO ZERO,it,RENATOZERO.jpg,0,0
I RICORDI DEL CUORE,ANTONELLA ARANCIO,it,ANTONELLAARANCIO.jpg,0,0
I SAY A LITTLE PRAYER FOR YOU,BURT BACHARACH,en,BURTBACHARACH.jpg,0,0
I WANNA DANCE WITH SOMEBODY,WHITNEY HOUSTON,en,WHITNEYHOUSTON.jpg,0,0
I WANNA KNOW,JOE,pl,JOE.jpg,0,0
I WANT TO KNOW WHAT LOVE IS,FOREIGNER,en,FOREIGNER.jpg,0,0
I WAS MADE FOR LOVIN’ YOU,KISS,en,KISS.jpg,0,0
I WILL BE HERE FOR YOU,AL JARREAU,en,ALJARREAU.jpg,0,0
I WILL REMEMBER,TOTO,en,TOTO.jpg,0,0
I WILL SURVIVE,GLORIA GAYNOR,en,GLORIAGAYNOR.jpg,0,0
I WISH,STEVIE WONDER,en,STEVIEWONDER.jpg,0,0
I WON’T HOLD YOU BACK,TOTO,en,TOTO.jpg,0,0
I WON’T LET YOU DOWN,PH. D.,en,PH.D..jpg,0,0
I’LL BE HERE WHERE THE HEART IS,KIM CARNES,en,KIMCARNES.jpg,0,0
I’LL BE OVER YOU,TOTO,en,TOTO.jpg,0,0
I’LL NEVER GET OVER YOU GETTING OVER ME,EXPOSE’,en,EXPOSE.jpg,0,0
I’LL NEVER LOVE THIS WAY AGAIN,DIONNE WARWICK,en,DIONNEWARWICK.jpg,0,0
I’LL STAND BY YOU,THE PRETENDERS,en,THEPRETENDERS.jpg,0,0
I’M NOT IN LOVE,10 CC,en,10CC.jpg,0,0
I’M YOURS,JASON MRAZ,en,JASONMRAZ.jpg,0,0
I’VE HAD THE TIME OF MY LIFE,DIRTY DANCING,en,DIRTYDANCING.jpg,0,0
I’VE NEVER BEEN TO ME,CHARLENE,en,CHARLENE.jpg,0,0
IF I HAD ONLY KNOWN,REBA McENTIRE,en,REBAMcENTIRE.jpg,0,0
IF I SHOULD LOSE THIS LOVE,GINO VANNELLI,en,GINOVANNELLI.jpg,0,0
IF YOU ASKED ME TO,PATTI LABELLE / CÈLINE DION,en,PATTILABELLECLINEDION.jpg,0,0
IF YOU LEAVE ME NOW,CHICAGO,en,CHICAGO.jpg,0,0
IL BATTITO ANIMALE,RAF,it,RAF.jpg,0,0
IL CAMMINO DELL’ETA’,GIGI D’ALESSIO,it,GIGIDALESSIO.jpg,0,0
IL CANTO,RAF,it,RAF.jpg,0,0
IL CERCHIO DELLA VITA,IVANA SPAGNA,it,IVANASPAGNA.jpg,0,0
IL CIELO D’IRLANDA,FIORELLA MANNOIA,it,FIORELLAMANNOIA.jpg,0,0
IL CIELO HA UNA PORTA SOLA,BIAGIO ANTONACCI,it,BIAGIOANTONACCI.jpg,0,0
IL CIELO IN UNA STANZA,GINO PAOLI,it,GINOPAOLI.jpg,0,0
IL CORAGGIO DELLE IDEE,RENATO ZERO,en,RENATOZERO.jpg,0,0
IL MAESTRO,RENATO ZERO,it,RENATOZERO.jpg,0,0
IL MARE CALMO DELLA SERA,ANDREA BOCELLI,it,ANDREABOCELLI.jpg,0,0
IL MIO AMICO,ANNA TATANGELO,it,ANNATATANGELO.jpg,0,0
IL MIO PENSIERO,LIGABUE,it,LIGABUE.jpg,0,0
IL MONDO,JIMMY FONTANA,it,JIMMYFONTANA.jpg,0,0
IL MONDO CHE VORREI,LAURA PAUSINI,it,LAURAPAUSINI.jpg,0,0
IL NOSTRO CONCERTO,UMBERTO BINDI,it,UMBERTOBINDI.jpg,0,0
IL PADRINO THEME,NINO ROTA,en,NINOROTA.jpg,0,0
IL TEMPO NON TORNA PIU’,FIORELLA MANNOIA,it,FIORELLAMANNOIA.jpg,0,0
IMAGINE,JOHN LENNON,en,JOHNLENNON.jpg,0,0
IN MY LIFE,THE BEATLES,en,THEBEATLES.jpg,0,0
IN THE AIR TONIGHT,PHIL COLLINS,en,PHILCOLLINS.jpg,0,0
INCANCELLABILE,LAURA PAUSINI,it,LAURAPAUSINI.jpg,0,0
INCOERENTE JAZZ,ROSSANA CASALE,it,ROSSANACASALE.jpg,0,0
INCOMPLETE,BACKSTREET BOYS,en,BACKSTREETBOYS.jpg,0,0
INDACO DAGLI OCCHI DEL CIELO,ZUCCHERO,it,ZUCCHERO.jpg,0,0
INEVITABILE FOLLIA,RAF,it,RAF.jpg,0,0
INSIEME A LEI,GIGI D’ALESSIO,it,GIGIDALESSIO.jpg,0,0
INTERMINATAMENTE,RAF,it,RAF.jpg,0,0
INVISIBLE MAN,98 DEGREES,en,98DEGREES.jpg,0,0
IO AMO,FAUSTO LEALI,it,FAUSTOLEALI.jpg,0,0
IO CANTERO’ PER TE,POOH,en,POOH.jpg,0,0
IO CHE AMO SOLO TE,SERGIO ENDRIGO / CLAUDIO BAGLIONI,it,SERGIOENDRIGOCLAUDIOBAGLIONI.jpg,0,0
IO COME FARO’,ORNELLA VANONI,it,ORNELLAVANONI.jpg,0,0
IO DAL MARE,CLAUDIO BAGLIONI,it,CLAUDIOBAGLIONI.jpg,0,0
IO TI ASPETTERÒ,POOH,it,POOH.jpg,0,0
IO VAGABONDO,NOMADI,it,NOMADI.jpg,0,0
IRIS,BIAGIO ANTONACCI,it,BIAGIOANTONACCI.jpg,0,0
IRONIC,ALANIS MORISSETTE,en,ALANISMORISSETTE.jpg,0,0
ISN’T SHE LOVELY ?,STEVIE WONDER,en,STEVIEWONDER.jpg,0,0
IT HURTS TO BE IN LOVE,GINO VANNELLI,en,GINOVANNELLI.jpg,0,0
IT MIGHT BE YOU,STEPHEN BISHOP,en,STEPHENBISHOP.jpg,0,0
IT MUST HAVE BEEN LOVE,ROXETTE,en,ROXETTE.jpg,0,0
IT’S A HEARTACHE,ROXETTE,en,ROXETTE.jpg,0,0
IT’S A LONG ROAD,DAN HILL  RAMBO 1 SOUNDTRACK ),en,DANHILLRAMBO1SOUNDTRACK.jpg,0,0
IT’S ALL COMING BACK TO ME NOW,CÈLINE DION,en,CLINEDION.jpg,0,0
IT’S MY TURN,DIANA ROSS,en,DIANAROSS.jpg,0,0
IT’S NOW OR NEVER,ELVIS PRESLEY,en,ELVISPRESLEY.jpg,0,0
JEALOUS GUY,JOHN LENNON,en,JOHNLENNON.jpg,0,0
JESUS TO A CHILD,GEORGE MICHAEL,en,GEORGEMICHAEL.jpg,0,0
JOE TEMERARIO,RON,it,RON.jpg,0,0
JOHNNY / MARY,ROBERT PALMER,en,ROBERTPALMER.jpg,0,0
JUST A MOTION AWAY,GINO VANNELLI,en,GINOVANNELLI.jpg,0,0
JUST AN ILLUSION,IMAGINATION,en,IMAGINATION.jpg,0,0
JUST GIVE ME A REASON,PINK,en,PINK.jpg,0,0
JUST THE LONELY TALKING AGAIN,WHITNEY HOUSTON,en,WHITNEYHOUSTON.jpg,0,0
JUST THE TWO OF US,BILL WITHERS / GROVER WASHINGTON,en,BILLWITHERSGROVERWASHINGTON.jpg,0,0
JUST THE WAY YOU ARE,BILLY JOEL / BARRY WHITE,en,BILLYJOELBARRYWHITE.jpg,0,0
KARMA CHAMELEON,CULTURE CLUB,en,CULTURECLUB.jpg,0,0
KAYLEIGH,MARILLION,en,MARILLION.jpg,0,0
KILLING ME SOFTLY,ARTISTI VARI / VARIOUS ARTISTS,en,ARTISTIVARIVARIOUSARTISTS.jpg,0,0
KISS ME,SIXPENCE NONE THE RICHER,en,SIXPENCENONETHERICHER.jpg,0,0
KNIFE,ROCKWELL,en,ROCKWELL.jpg,0,0
L.O.V.E.,NAT KING COLE,en,NATKINGCOLE.jpg,0,0
L’ABITUDINE,ANDREA BOCELLI / HELENA HELLWIG,it,A.BOCELLIHELENAHELLWIG.jpg,0,0
L’ACROBATA,MICHELE ZARRILLO,it,MICHELEZARRILLO.jpg,0,0
L’ALTRA DONNA,POOH,it,POOH.jpg,0,0
L’AMORE E’ UN’ALTRA COSA,ARISA,it,ARISA.jpg,0,0
L’AMORE E’ UNA COSA MERAVIGLIOSA,VARIOUS ARTISTS,it,VARIOUSARTISTS.jpg,0,0
L’AMOUR TOUJOURS,SAGI REI,en,SAGIREI.jpg,0,0
L’APPUNTAMENTO,ORNELLA VANONI,it,ORNELLAVANONI.jpg,0,0
L’EMOZIONE NON HA VOCE,ADRIANO CELENTANO,it,ADRIANOCELENTANO.jpg,0,0
L’ESSENZIALE,MARCO MENGONI,it,MARCOMENGONI.jpg,0,0
L’ESTATE STA FINENDO,RIGHEIRA,it,RIGHEIRA.jpg,0,0
L’ITALIANO,TOTO CUTUGNO,it,TOTOCUTUGNO.jpg,0,0
L’ORA DELL’AMORE,I CAMALEONTI,it,ICAMALEONTI.jpg,0,0
L’UNIVERSO TRANNE NOI,MAX PEZZALI,it,MAXPEZZALI.jpg,0,0
LA BELLA E LA BESTIA,GINO PAOLI / A. SANDRELLI,it,GINOPAOLIA.SANDRELLI.jpg,0,0
LA CAMPANA DEL VILLAGGIO,SCHOLA CANTORUM,it,SCHOLACANTORUM.jpg,0,0
LA CANZONE DELLA VERITA’,ENRICO RUGGERI,it,ENRICORUGGERI.jpg,0,0
LA CANZONE DI MARINELLA,FABRIZIO DE ANDRE’,it,FABRIZIODEANDRE.jpg,0,0
LA CASA DEL SOLE,POOH,it,POOH.jpg,0,0
LA DISTANZA DI UN AMORE,ALEX BARONI,it,ALEXBARONI.jpg,0,0
LA DONNA CANNONE,FRANCESCO DE GREGORI,it,FRANCESCODEGREGORI.jpg,0,0
LA DONNA DEL MIO AMICO,POOH,it,POOH.jpg,0,0
LA FLACA,JARABE DE PALO,es,JARABEDEPALO.jpg,0,0
LA FOLLE CORSA,RAF,it,RAF.jpg,0,0
LA FORZA DELLA VITA,PAOLO VALLESI,it,PAOLOVALLESI.jpg,0,0
LA GRANDE ASSENTE,RENATO ZERO,it,RENATOZERO.jpg,0,0
LA ISLA BONITA,MADONNA,en,MADONNA.jpg,0,0
LA LUNA CHE NON C’É,ANDREA BOCELLI,it,ANDREABOCELLI.jpg,0,0
LA MER,ARTISTI VARI / VARIOUS ARTISTS,fr,ARTISTIVARIVARIOUSARTISTS.jpg,0,0
LA MIA DONNA,POOH,it,POOH.jpg,0,0
LA NEVICATA DEL ‘56,MIA MARTINI,it,MIAMARTINI.jpg,0,0
LA NOTTE,ADAMO,it,ADAMO.jpg,0,0
LA NOTTE,ARISA,it,ARISA.jpg,0,0
LA NOTTE,MODA’,it,MODA.jpg,0,0
LA PIANA DEI CAVALLI BRADI,C. BAGLIONI,it,C.BAGLIONI.jpg,0,0
LA PIOGGIA DI MARZO,MINA,it,MINA.jpg,0,0
LA PIU’ BELLA,ANNA TATANGELO,it,ANNATATANGELO.jpg,0,0
LA PRIMA COSA BELLA,N. DI BARI / MALIKA AYANE,it,N.DIBARIMALIKAAYANE.jpg,0,0
LA SOLITUDINE,LAURA PAUSINI,it,LAURAPAUSINI.jpg,0,0
LA VIE EN ROSE,EDITH PIAF / GRACE JONES,en,EDITHPIAFGRACEJONES.jpg,0,0
LA VOCE DEL SILENZIO,MINA / M. RANIERI / ANDREA BOCELLI,en,MINAM.RANIERIA.BOCELLI.jpg,0,0
"LA VOGLIA, LA PAZZIA",ORNELLA VANONI,it,ORNELLAVANONI.jpg,0,0
LADY  HEAR ME TONIGHT ),MODJO,en,MODJO.jpg,0,0
LADY DI,RICHARD CLAYDERMAN,en,RICHARDCLAYDERMAN.jpg,0,0
LADY IN RED,CHRIS DE BURGH,en,CHRISDEBURGH.jpg,0,0
LADY LADY LADY,JOE ESPOSITO,en,JOEESPOSITO.jpg,0,0
LADY LOVE ME,GEORGE BENSON,en,GEORGEBENSON.jpg,0,0
LARA'S THEME  FROM DOCTOR ZHIVAGO ),MAURICE JARRE,en,MAURICEJARRE.jpg,0,0
LAST CHRISTMAS,WHAM,en,WHAM.jpg,0,0
LAST TRAIN HOME,PAT METHENY,en,PATMETHENY.jpg,0,0
LATELY,STEVIE WONDER,en,STEVIEWONDER.jpg,0,0
LAURA NON C’È,NEK,it,NEK.jpg,0,0
LE DONNE MI HANNO DETTO,POOH,it,POOH.jpg,0,0
LE PERSONE INUTILI,PAOLO VALLESI,it,PAOLOVALLESI.jpg,0,0
LE RAGAZZE DELL’EST,CLAUDIO BAGLIONI,it,CLAUDIOBAGLIONI.jpg,0,0
LE RAGAZZE DI OSAKA,EUGENIO FINARDI,it,EUGENIOFINARDI.jpg,0,0
LE RAGAZZE SERIE,MARCO MASINI,it,MARCOMASINI.jpg,0,0
LE TASCHE PIENE DI SASSI,JOVANOTTI / GIORGIA,it,JOVANOTTIGIORGIA.jpg,0,0
LEA,TOTO,en,TOTO.jpg,0,0
LENINGRAD,BILLY JOEL,en,BILLYJOEL.jpg,0,0
LESSONS IN LOVE,LEVEL 42,en,LEVEL42.jpg,0,0
LET HER GO,PASSENGERS,en,PASSENGERS.jpg,0,0
LET IT BE,THE BEATLES,en,THEBEATLES.jpg,0,0
LET’S WAIT AWHILE,JANET JACKSON,en,JANETJACKSON.jpg,0,0
LIBERTANGO,ASTOR PIAZZOLLA,it,ASTORPIAZZOLLA.jpg,0,0
LIGHT MY FIRE,THE DOORS  LOUNGE VERSION ),en,THEDOORSLOUNGEVERSION.jpg,0,0
LIKE A PRAYER,MADONNA,en,MADONNA.jpg,0,0
LIMELIGHT,ALAN PARSON,en,ALANPARSON.jpg,0,0
LITTLE WING,JIMI HENDRIX / STING,en,JIMIHENDRIXSTING.jpg,0,0
LIVE TO TELL,MADONNA,en,MADONNA.jpg,0,0
LIVING INSIDE MYSELF,GINO VANNELLI,it,GINOVANNELLI.jpg,0,0
LO SPECCHIO DEI PENSIERI,GIGI FINIZIO,it,GIGIFINIZIO.jpg,0,0
LOCAL HERO  GOING HOME ),DIRE STRAITS,en,DIRESTRAITS.jpg,0,0
LOOK WHAT YOU’VE DONE TO ME,BOZ SCAGGS,en,BOZSCAGGS.jpg,0,0
LORD IS IT MINE,SUPERTRAMP,en,SUPERTRAMP.jpg,0,0
LOSING MY RELIGION,R.E.M.,en,R.E.M..jpg,0,0
LOST IN YOUR EYES,DEBBIE GIBSON,en,DEBBIEGIBSON.jpg,0,0
LOVE IN PORTOFINO,ARTISTI VARI / VARIOUS ARTISTS,en,ARTISTIVARIVARIOUSARTISTS.jpg,0,0
LOVE IS IN THE AIR,JOHN PAUL YOUNG,en,JOHNPAULYOUNG.jpg,0,0
LOVE ME TENDER,ELVIS PRESLEY,da,ELVISPRESLEY.jpg,0,0
LOVE STORY THEME,Francis Lai,en,FrancisLai.jpg,0,0
LOVE WILL FIND A WAY,LIONEL RICHIE,en,LIONELRICHIE.jpg,0,0
LOVE WILL LEAD YOU BACK,TAYLOR DAYNE,en,TAYLORDAYNE.jpg,0,0
LOVE YOU ANYMORE,MICHAEL BUBLE’,en,MICHAELBUBLE.jpg,0,0
LOVER’S HOLIDAY,OLETA ADAMS,en,OLETAADAMS.jpg,0,0
LUCI A SAN SIRO,ROBERTO VECCHIONI,it,ROBERTOVECCHIONI.jpg,0,0
LUGANO ADDIO,IVAN GRAZIANI,it,IVANGRAZIANI.jpg,0,0
LUKA,SUZANNE VEGA,sl,SUZANNEVEGA.jpg,0,0
LULLABY OF BIRDLAND,ELLA FITZGERALD,tr,ELLAFITZGERALD.jpg,0,0
M’INNAMORO DAVVERO,FABIO CONCATO,en,FABIOCONCATO.jpg,0,0
MAD WORLD,GARY JULES / TEARS FOR FEARS,en,GARYJULESTEARSFORFEARS.jpg,0,0
MAGARI,RENATO ZERO,it,RENATOZERO.jpg,0,0
MAGIC  FROM XANADU ),OLIVIA NEWTON JOHN,en,OLIVIANEWTONJOHN.jpg,0,0
MAGRITTE,ROSSANA CASALE,it,ROSSANACASALE.jpg,0,0
MAI PIU’ COME TE,CLAUDIO BAGLIONI,it,CLAUDIOBAGLIONI.jpg,0,0
MAI PIU’ NOI DUE,DOLCENERA,it,DOLCENERA.jpg,0,0
MAI PIU’ SOLA,NERI PER CASO,it,NERIPERCASO.jpg,0,0
MALAFEMMENA,ARTISTI VARI / VARIOUS ARTISTS,it,ARTISTIVARIVARIOUSARTISTS.jpg,0,0
MALEDETTA PRIMAVERA,LORETTA GOGGI,it,LORETTAGOGGI.jpg,0,0
MALINCONIA,RICCARDO FOGLI,it,RICCARDOFOGLI.jpg,0,0
MAMMA MIA,ABBA,en,ABBA.jpg,0,0
MAN IN MOTION  ST. ELMO’S FIRE ),JOHN PARR,en,JOHNPARR.jpg,0,0
MAN IN THE MIRROR,MICHAEL JACKSON,en,MICHAELJACKSON.jpg,0,0
MANDY,BARRY MANILOW,en,BARRYMANILOW.jpg,0,0
MANIAC,MICHAEL SEMBELLO,en,MICHAELSEMBELLO.jpg,0,0
MARINA,ROCCO GRANATA,it,ROCCOGRANATA.jpg,0,0
MASTERPIECE,ATLANTIC STARR,en,ATLANTICSTARR.jpg,0,0
MEMORY,BARBRA STREISAND,en,BARBRASTREISAND.jpg,0,0
MENTRE ASPETTO CHE RITORNI,RENATO ZERO,it,RENATOZERO.jpg,0,0
MI AMERESTI,RENATO ZERO,it,RENATOZERO.jpg,0,0
MI MANCHI,FAUSTO LEALI,it,FAUSTOLEALI.jpg,0,0
MI RUBI L’ANIMA,RAF / LAURA PAUSINI,it,RAFLAURAPAUSINI.jpg,0,0
MICHELLE,THE BEATLES,en,THEBEATLES.jpg,0,0
MILANO,ALEX BRITTI,it,ALEXBRITTI.jpg,0,0
MILLE GIORNI DI TE E DI ME,CLAUDIO BAGLIONI,it,CLAUDIOBAGLIONI.jpg,0,0
MIO FRATELLO CHE GUARDI IL MONDO,IVANO FOSSATI,it,IVANOFOSSATI.jpg,0,0
MISS YOU LIKE CRAZY,NATALIE COLE,en,NATALIECOLE.jpg,0,0
MISTY,ERROLL GARNER,en,ERROLLGARNER.jpg,0,0
MMM MMM,CRASH TEST DUMMIES,en,CRASHTESTDUMMIES.jpg,0,0
MOLIENDO CAFE’,HUGO BLANCO,es,HUGOBLANCO.jpg,0,0
MOMENTI DI GLORIA,VANGELIS,en,VANGELIS.jpg,0,0
MOON FLOWER,CARLOS SANTANA,en,CARLOSSANTANA.jpg,0,0
MOON RIVER,BREAKFAST AT TIFFANY’S SOUNDTRACK,en,BREAKFASTATTIFFANYSSOUNDTRACK.jpg,0,0
MOONDANCE,MICHAEL BUBLE’,en,MICHAELBUBLE.jpg,0,0
MOONLIGHT SHADOW,MIKE OLDFIELD,en,MIKEOLDFIELD.jpg,0,0
MORE,RIZ ORTOLANI,it,RIZORTOLANI.jpg,0,0
MORE THAN THIS,ROXY MUSIC,en,ROXYMUSIC.jpg,0,0
MOVIN’ ON,NOVECENTO,en,NOVECENTO.jpg,0,0
MUSIC,JOHN MILES,en,JOHNMILES.jpg,0,0
MUSIC BOX,MARIAH CAREY,en,MARIAHCAREY.jpg,0,0
MY ALL,MARIAH CAREY,en,MARIAHCAREY.jpg,0,0
MY CHERIE AMOUR,STEVIE WONDER,en,STEVIEWONDER.jpg,0,0
MY DESTINY,JIM BRICKMAN,en,JIMBRICKMAN.jpg,0,0
MY FUNNY FRIEND AND ME,STING,en,STING.jpg,0,0
MY FUNNY VALENTINE,ARTISTI VARI / VARIOUS ARTISTS,en,ARTISTIVARIVARIOUSARTISTS.jpg,0,0
MY HEART WILL GO ON,CÈLINE DION,en,CLINEDION.jpg,0,0
MY IMMORTAL,EVANESCENCE,en,EVANESCENCE.jpg,0,0
MY LIFE IS GOING ON,LA CASA DI CARTA THEME,en,LACASADICARTATHEME.jpg,0,0
MY LOVE,WESTLIFE,en,WESTLIFE.jpg,0,0
MY WAY,FRANK SINATRA,en,FRANKSINATRA.jpg,0,0
NAPOLI,FRANCO CALIFANO,it,FRANCOCALIFANO.jpg,0,0
NAPULE,D’ALESSIO - DALLA DA VINCI - FINIZIO,en,DALESSIO-DALLADAVINCI-FINIZIO.jpg,0,0
NAPULE E’,PINO DANIELE,it,PINODANIELE.jpg,0,0
NASCEREMO,GIORGIA,it,GIORGIA.jpg,0,0
NEL BLU DIPINTO DI BLU,DOMENICO MODUGNO,it,DOMENICOMODUGNO.jpg,0,0
NEVER CAN SAY GOODBYE,GLORIA GAYNOR,en,GLORIAGAYNOR.jpg,0,0
NEVER ENDING STORY,LIMAHL,en,LIMAHL.jpg,0,0
NEW YORK STATE OF MIND,BILLY JOEL,en,BILLYJOEL.jpg,0,0
NIENTE TRUCCO STASERA,RENATO ZERO,it,RENATOZERO.jpg,0,0
NIGHT BIRDS,SHAKATAK,en,SHAKATAK.jpg,0,0
NIGHTSHIFT,COMMODORES,en,COMMODORES.jpg,0,0
NIGHTWALKER,GINO VANNELLI,en,GINOVANNELLI.jpg,0,0
NIKITA,ELTON JOHN,fi,ELTONJOHN.jpg,0,0
NINETYNINE,TOTO,en,TOTO.jpg,0,0
NO MORE I LOVE YOU’S,ANNIE LENNOX,en,ANNIELENNOX.jpg,0,0
NO MORE LONELY NIGHTS,PAUL McCARTNEY,en,PAULMcCARTNEY.jpg,0,0
NO ONE IS TO BLAME,HOWARD JONES,en,HOWARDJONES.jpg,0,0
"NO WOMAN, NO CRY",BOB MARLEY,en,BOBMARLEY.jpg,0,0
NOBODY DOES IT BETTER,CARLY SIMON,en,CARLYSIMON.jpg,0,0
NOBODY LOVES ME LIKE YOU DO,WHITNEY HOUSTON,en,WHITNEYHOUSTON.jpg,0,0
NOI NO,CLAUDIO BAGLIONI,it,CLAUDIOBAGLIONI.jpg,0,0
NON C’È,LAURA PAUSINI,it,LAURAPAUSINI.jpg,0,0
NON CI STO,SYRIA,en,SYRIA.jpg,0,0
NON DIRGLI MAI,GIGI D’ALESSIO,it,GIGIDALESSIO.jpg,0,0
NON E’ MAI UN ERRORE,RAF,it,RAF.jpg,0,0
NON HO L’ETA’,GIGLIOLA CINQUETTI,it,GIGLIOLACINQUETTI.jpg,0,0
NON PIANGO PIU’,ENRICO RUGGERI,it,ENRICORUGGERI.jpg,0,0
NON SMETTO DI ASPETTARTI,FABIO CONCATO,it,FABIOCONCATO.jpg,0,0
NON SONO UNA SIGNORA,LOREDANA BERTE’,it,LOREDANABERTE.jpg,0,0
NON VIVO PIU’ SENZA TE,BIAGIO ANTONACCI,it,BIAGIOANTONACCI.jpg,0,0
NON VOGLIO MICA LA LUNA,FIORDALISO,it,FIORDALISO.jpg,0,0
NOTHING COMPARES 2 U,SINÉAD O’CONNOR,en,SINADOCONNOR.jpg,0,0
NOTHING ELSE MATTERS,METALLICA,en,METALLICA.jpg,0,0
NOTHING’S GONNA CHANGE MY LOVE FOR YOU,GEORGE BENSON,en,GEORGEBENSON.jpg,0,0
NOTTE PRIMA DEGLI ESAMI,ANTONELLO VENDITTI,it,ANTONELLOVENDITTI.jpg,0,0
NOTTURNO,MIA MARTINI,it,MIAMARTINI.jpg,0,0
NOW AND FOREVER,RICHARD MARX,en,RICHARDMARX.jpg,0,0
OCEAN DEEP,CLIFF RICHARD,en,CLIFFRICHARD.jpg,0,0
OCEANO,LISA,it,LISA.jpg,0,0
OGGI SONO IO,ALEX BRITTI,it,ALEXBRITTI.jpg,0,0
OGNI COLORE AL CIELO,LAURA PAUSINI,it,LAURAPAUSINI.jpg,0,0
OGNI VOLTA,ANTONELLO VENDITTI,it,ANTONELLOVENDITTI.jpg,0,0
OGNI VOLTA,VASCO ROSSI,it,VASCOROSSI.jpg,0,0
OH CHE SARA’,I. FOSSATI / F. MANNOIA,it,I.FOSSATIF.MANNOIA.jpg,0,0
OH SOLE MIO,CLASSICO NAPOLETANO,it,CLASSICONAPOLETANO.jpg,0,0
"OH, PRETTY WOMAN",ROY ORBISON,en,ROYORBISON.jpg,0,0
OLD AND WISE,ALAN PARSONS PROJECT,en,ALANPARSONSPROJECT.jpg,0,0
ON BROADWAY,GEORGE BENSON,en,GEORGEBENSON.jpg,0,0
ON DAYS LIKE THESE,MATT MONRO,en,MATTMONRO.jpg,0,0
ONCE UPON A LONG AGO,PAUL McCARTNEY,en,PAULMcCARTNEY.jpg,0,0
ONE,U2,hr,U2.jpg,0,0
ONE DAY I’LL FLY AWAY,RANDY CRAWFORD,en,RANDYCRAWFORD.jpg,0,0
ONE HELLO,RANDY CRAWFORD,en,RANDYCRAWFORD.jpg,0,0
ONE LAST CRY,BRIAN McKNIGHT,en,BRIANMcKNIGHT.jpg,0,0
ONE MOMENT IN TIME,WHITNEY HOUSTON,en,WHITNEYHOUSTON.jpg,0,0
ONE MORE CHANCE,MADONNA,en,MADONNA.jpg,0,0
ONE MORE NIGHT,PHIL COLLINS,en,PHILCOLLINS.jpg,0,0
ONE NOTE SAMBA,TOM JOBIM,pt,TOMJOBIM.jpg,0,0
ONLY YOU,THE PLATTERS,en,THEPLATTERS.jpg,0,0
ORAMAI,FIORDALISO,it,FIORDALISO.jpg,0,0
ORDINARY WORLD,DURAN DURAN,en,DURANDURAN.jpg,0,0
OVER MY SHOULDER,MIKE AND THE MECHANICS,en,MIKEANDTHEMECHANICS.jpg,0,0
OVER THE RAINBOW,ARTISTI VARI / VARIOUS ARTISTS,en,ARTISTIVARIVARIOUSARTISTS.jpg,0,0
OVERJOYED,STEVIE WONDER,en,STEVIEWONDER.jpg,0,0
OWNER OF A LONELY HEART,YES,en,YES.jpg,0,0
PAINT MY LOVE,MICHAEL LEARNS TO ROCK,en,MICHAELLEARNSTOROCK.jpg,0,0
PAMELA,TOTO,en,TOTO.jpg,0,0
PAPA DON’T PREACH,MADONNA,en,MADONNA.jpg,0,0
PARADISE,PHOEBE CATES,en,PHOEBECATES.jpg,0,0
PARLAMI D’AMORE MARIU’,VITTORIO DE SICA,it,VITTORIODESICA.jpg,0,0
PAROLE PAROLE,MINA / ALBERTO LUPO,it,MINAALBERTOLUPO.jpg,0,0
PASSERA’,ALEANDRO BALDI,it,ALEANDROBALDI.jpg,0,0
PAZZA IDEA,PATTY PRAVO,it,PATTYPRAVO.jpg,0,0
PAZZO DI LEI,BIAGIO ANTONACCI,it,BIAGIOANTONACCI.jpg,0,0
PENNY LOVER,LIONEL RICHIE,en,LIONELRICHIE.jpg,0,0
PER NOI INNAMORATI,GIANNI TOGNI,it,GIANNITOGNI.jpg,0,0
PERDERE L’AMORE,MASSIMO RANIERI,it,MASSIMORANIERI.jpg,0,0
PERFECT,ED SHEERAN,en,EDSHEERAN.jpg,0,0
PERFECT DAY,LOU REED,en,LOUREED.jpg,0,0
PHYSICAL,OLIVIA NEWTON JOHN,en,OLIVIANEWTONJOHN.jpg,0,0
PIANO IN THE DARK,BRENDA RUSSEL,en,BRENDARUSSEL.jpg,0,0
PIANO MAN,BILLY JOEL,en,BILLYJOEL.jpg,0,0
PIAZZA GRANDE,LUCIO DALLA,it,LUCIODALLA.jpg,0,0
PICCOLA STELLA SENZA CIELO,LIGABUE,it,LIGABUE.jpg,0,0
PINK PANTHER THEME,HENRY MANCINI,en,HENRYMANCINI.jpg,0,0
PIU’ BELLA COSA,EROS RAMAZZOTTI,it,EROSRAMAZZOTTI.jpg,0,0
PIU’ CHE PUOI,EROS RAMAZZOTTI / CHER,it,EROSRAMAZZOTTICHER.jpg,0,0
PIU’ DI COSÌ,ANTONELLA ARANCIO,en,ANTONELLAARANCIO.jpg,0,0
PIU’ SU,RENATO ZERO,it,RENATOZERO.jpg,0,0
PLEASE DON’T GO,KC / THE SUNSHINE BAND,en,KCTHESUNSHINEBAND.jpg,0,0
PLEASE FORGIVE ME,BRYAN ADAMS,en,BRYANADAMS.jpg,0,0
POLVERE,ENRICO RUGGERI,it,ENRICORUGGERI.jpg,0,0
PORTAMI A BALLARE,LUCA BARBAROSSA,it,LUCABARBAROSSA.jpg,0,0
POVERANGELO,FIORELLA MANNOIA,it,FIORELLAMANNOIA.jpg,0,0
PREGHERO’  STAND BY ME ),ADRIANO CELENTANO,it,ADRIANOCELENTANO.jpg,0,0
PRIMA DEL TEMPORALE,ENRICO RUGGERI,it,ENRICORUGGERI.jpg,0,0
PRIVATE DANCER,TINA TURNER,en,TINATURNER.jpg,0,0
PROSPETTIVA NEVSKI,FRANCO BATTIATO,it,FRANCOBATTIATO.jpg,0,0
PURPLE RAIN,PRINCE,en,PRINCE.jpg,0,0
PUT THE WEIGHT ON MY SHOULDERS,GINO VANNELLI,en,GINOVANNELLI.jpg,0,0
PUT YOUR HEAD ON MY SHOULDER,P. ANKA / M. BUBLE’,en,P.ANKAM.BUBLE.jpg,0,0
QUANDO,PINO DANIELE,it,PINODANIELE.jpg,0,0
QUANDO NASCE UN AMORE,ANNA OXA,it,ANNAOXA.jpg,0,0
QUANDO QUANDO,TONY RENIS,it,TONYRENIS.jpg,0,0
QUANDO TI SENTI SOLA,O.R.O.,en,O.R.O..jpg,0,0
QUANNO CHIOVE,PINO DANIELE,it,PINODANIELE.jpg,0,0
QUANTO TEMPO E ANCORA,BIAGIO ANTONACCI,it,BIAGIOANTONACCI.jpg,0,0
QUE SERA SERA,DORIS DAY,en,DORISDAY.jpg,0,0
QUEI DUE,CLAUDIO BAGLIONI,it,CLAUDIOBAGLIONI.jpg,0,0
QUEL CHE NON SI DICE,POOH,it,POOH.jpg,0,0
QUELLA CAREZZA DELLA SERA,NEW TROLLS,it,NEWTROLLS.jpg,0,0
QUELLO CHE LE DONNE NON DICONO,FIORELLA MANNOIA,it,FIORELLAMANNOIA.jpg,0,0
QUESTA VOLTA NO,GINO PAOLI,it,GINOPAOLI.jpg,0,0
RADIO GA GA,QUEEN,en,QUEEN.jpg,0,0
RAINDROPS KEEP FALLING ON MY HEAD,BURT BACHARACH,en,BURTBACHARACH.jpg,0,0
RAINY NIGHT IN GEORGIA,R. CRAWFORD / B. BENTON,en,R.CRAWFORDB.BENTON.jpg,0,0
REALITY,RICHARD SANDERSON  (IL TEMPO DELLE MELE 01 ),en,RICHARDSANDERSONILTEMPODELLEMELE01.jpg,0,0
REGINELLA,CLASSICO NAPOLETANO,en,CLASSICONAPOLETANO.jpg,0,0
REGINELLA,CLAUDIO BAGLIONI,en,CLAUDIOBAGLIONI.jpg,0,0
REPORTER,POOH,en,POOH.jpg,0,0
RESPIRO,FRANCO SIMONE,it,FRANCOSIMONE.jpg,0,0
REVELATION,ROBBEN FORD,da,ROBBENFORD.jpg,0,0
RHYTHM OF THE NIGHT,DeBARGE,en,DeBARGE.jpg,0,0
RIBBON IN THE SKY,STEVIE WONDER,en,STEVIEWONDER.jpg,0,0
RICOMINCEREI,GIANNI FIORELLINO,it,GIANNIFIORELLINO.jpg,0,0
RIDE LIKE THE WIND,CHRISTOPHER CROSS,en,CHRISTOPHERCROSS.jpg,0,0
RIDERA’,LITTLE TONY,it,LITTLETONY.jpg,0,0
RIGHT HERE WAITING,RICHARD MARX,en,RICHARDMARX.jpg,0,0
RIGUARDA NOI,GIORGIA,it,GIORGIA.jpg,0,0
RIMMEL,FRANCESCO DE GREGORI,it,FRANCESCODEGREGORI.jpg,0,0
RIVER FLOWS IN YOU,YIRUMA,en,YIRUMA.jpg,0,0
ROCKET MAN,ELTON JOHN,en,ELTONJOHN.jpg,0,0
ROLLING IN THE DEEP,ADELE,en,ADELE.jpg,0,0
ROMEO AND JULIET,DIRE STRAITS,en,DIRESTRAITS.jpg,0,0
ROSALINA,FABIO CONCATO,it,FABIOCONCATO.jpg,0,0
ROSANNA,TOTO,fi,TOTO.jpg,0,0
ROSE ROSSE,MASSIMO RANIERI,it,MASSIMORANIERI.jpg,0,0
RUN TO YOU,WHITNEY HOUSTON,en,WHITNEYHOUSTON.jpg,0,0
S.O.S.,ABBA,en,ABBA.jpg,0,0
SACRIFICE,ELTON JOHN,en,ELTONJOHN.jpg,0,0
SAILING,CHRISTOPHER CROSS,en,CHRISTOPHERCROSS.jpg,0,0
SAILING,ROD STEWART,en,RODSTEWART.jpg,0,0
SALLY,VASCO ROSSI,en,VASCOROSSI.jpg,0,0
SALLY  SHE SAYS THE SWEETEST THING ),GINO VANNELLI,en,GINOVANNELLI.jpg,0,0
SAMBA PA TI,CARLOS SANTANA,en,CARLOSSANTANA.jpg,0,0
SANDY,GREASE SOUNDTRACK,en,GREASESOUNDTRACK.jpg,0,0
SAPORE DI SALE,GINO PAOLI,it,GINOPAOLI.jpg,0,0
SARA,ANTONELLO VENDITTI,it,ANTONELLOVENDITTI.jpg,0,0
SARA,STARSHIP,sq,STARSHIP.jpg,0,0
SARA’ PERCHE’ TI AMO,RICCHI E POVERI,it,RICCHIEPOVERI.jpg,0,0
SARA’ QUEL CHE SARA’,TIZIANA RIVALE,it,TIZIANARIVALE.jpg,0,0
SAVE A PRAYER,DURAN DURAN,en,DURANDURAN.jpg,0,0
SAVE THE BEST FOR THE LAST,VANESSA WILLIAMS,en,VANESSAWILLIAMS.jpg,0,0
SAVE THE LAST DANCE FOR ME,MICHAEL BUBLE’,en,MICHAELBUBLE.jpg,0,0
SAVING ALL MY LOVE FOR YOU,WHITNEY HOUSTON,en,WHITNEYHOUSTON.jpg,0,0
SAY SAY SAY,MICHAEL JACKSON / PAUL McCARTNEY,en,MICHAELJACKSONPAULMcCARTNEY.jpg,0,0
SAY YOU LOVE ME,SIMPLY RED,en,SIMPLYRED.jpg,0,0
SCANDALO AL SOLE,PERCY FAITH,en,PERCYFAITH.jpg,0,0
SCRIVIMI,N. BONOCORE / L. PAUSINI,en,N.BONOCOREL.PAUSINI.jpg,0,0
SE AMI SAI,LAURA PAUSINI,en,LAURAPAUSINI.jpg,0,0
SE BRUCIASSE LA CITTA’,MASSIMO RANIERI,it,MASSIMORANIERI.jpg,0,0
SE E’ CHE CI SEI,BIAGIO ANTONACCI,it,BIAGIOANTONACCI.jpg,0,0
SE IO SE LEI,BIAGIO ANTONACCI,it,BIAGIOANTONACCI.jpg,0,0
SE MI LASCI NON VALE,JULIO IGLESIAS,it,JULIOIGLESIAS.jpg,0,0
SE MI VUOI,P. DANIELE / I. GRANDI,it,P.DANIELEI.GRANDI.jpg,0,0
SE STASERA SONO QUI,LUIGI TENCO,it,LUIGITENCO.jpg,0,0
SE TELEFONANDO,MINA,en,MINA.jpg,0,0
SECRET GARDEN,ROLF LØVLAND,en,ROLFLVLAND.jpg,0,0
SEI LA PIU’ BELLA DEL MONDO,RAF,it,RAF.jpg,0,0
SEI LA VITA MIA,MARIO ROSINI,en,MARIOROSINI.jpg,0,0
SEI TU,SYRIA,it,SYRIA.jpg,0,0
SELF CONTROL,RAF,en,RAF.jpg,0,0
SEMPLICE,GIANNI TOGNI,it,GIANNITOGNI.jpg,0,0
SENZA LUCE,DIK DIK,en,DIKDIK.jpg,0,0
SENZA SEGRETI,GIORGIA,it,GIORGIA.jpg,0,0
SENZA TE O CON TE,ANNALISA MINETTI,it,ANNALISAMINETTI.jpg,0,0
SENZA UNA DONNA,ZUCCHERO,it,ZUCCHERO.jpg,0,0
SEPARATE LIVES,PHIL COLLINS,en,PHILCOLLINS.jpg,0,0
SEPTEMBER,"EARTH, WIND & FIRE",en,EARTHWINDFIRE.jpg,0,0
SEPTEMBER MORN,NEIL DIAMOND,en,NEILDIAMOND.jpg,0,0
SEVEN DAYS,STING,da,STING.jpg,0,0
SHADOW OF TIME,NIGHTNOISE,en,NIGHTNOISE.jpg,0,0
SHALLOW,LADY GAGA / BRADLEY COOPER,en,LADYGAGABRADLEYCOOPER.jpg,0,0
SHAPE OF MY HEART,STING,en,STING.jpg,0,0
SHE,E. COSTELLO / L. PAUSINI,en,E.COSTELLOL.PAUSINI.jpg,0,0
SHE BELIEVES IN ME,KENNY ROGERS,en,KENNYROGERS.jpg,0,0
SHE’S ALWAYS A WOMAN,BILLY JOEL,en,BILLYJOEL.jpg,0,0
SHE’S OUT OF MY LIFE,MICHAEL JACKSON,en,MICHAELJACKSON.jpg,0,0
SHE’S THE ONE,ROBBIE WILLIAMS,en,ROBBIEWILLIAMS.jpg,0,0
SHOUT,TEARS FOR FEARS,en,TEARSFORFEARS.jpg,0,0
SHOWER THE PEOPLE,JAMES TAYLOR,en,JAMESTAYLOR.jpg,0,0
SI PUÒ DARE DI PIU’,"RUGGERI, MORANDI, TOZZI",it,RUGGERIMORANDITOZZI.jpg,0,0
SIGNORI SI CHIUDE,CLAUDIO BAGLIONI,it,CLAUDIOBAGLIONI.jpg,0,0
SITTIN’ ON THE DOCK OF THE BAY,OTIS REDDING,en,OTISREDDING.jpg,0,0
SLAVE TO THE RHYTHM,GRACE JONES,en,GRACEJONES.jpg,0,0
SLEEPING CHILD,MICHAEL LEARNS TO ROCK,en,MICHAELLEARNSTOROCK.jpg,0,0
SMILE,CHARLIE CHAPLIN,en,CHARLIECHAPLIN.jpg,0,0
SMOKE GETS IN YOUR EYES,THE PLATTERS / J. IGLESIAS,en,THEPLATTERSJ.IGLESIAS.jpg,0,0
SMOOTH OPERATOR,SADE,en,SADE.jpg,0,0
SNOW ON THE SAHARA,ANGGUN,en,ANGGUN.jpg,0,0
SO GOOD,AL JARREAU,en,ALJARREAU.jpg,0,0
SOGNAMI,BIAGIO ANTONACCI,it,BIAGIOANTONACCI.jpg,0,0
SOLEADO,DANIEL SENTACRUZ ENSEMBLE,es,DANIELSENTACRUZENSEMBLE.jpg,0,0
SOLO TU,MATIA BAZAR,it,MATIABAZAR.jpg,0,0
SOMEDAY,ETERNAL,en,ETERNAL.jpg,0,0
SOMEDAY MY PRINCE WILL COME,WALT DISNEY,en,WALTDISNEY.jpg,0,0
SOMEONE LIKE YOU,ADELE,no,ADELE.jpg,0,0
SOMEONE TO WATCH OVER ME,VARIOUS ARTISTS,en,VARIOUSARTISTS.jpg,0,0
SOMETHING,THE BEATLES,en,THEBEATLES.jpg,0,0
SOMETHING ABOUT YOU,LEVEL 42,en,LEVEL42.jpg,0,0
SOMETHING STUPID,R. WILLIAMS / N. KIDMAN,en,R.WILLIAMSN.KIDMAN.jpg,0,0
SOMEWHERE,BARBRA STREISAND,en,BARBRASTREISAND.jpg,0,0
SOMEWHERE OUT THERE,LINDA RONSTADT / J. INGRAM,en,LINDARONSTADTJ.INGRAM.jpg,0,0
SONO COME TU VUOI,MINA / IRENE GRANDI,it,MINAIRENEGRANDI.jpg,0,0
SONO GIA’ SOLO,MODA’,it,MODA.jpg,0,0
SORRY SEEMS TO BE THE HARDEST WORD,ELTON JOHN,en,ELTONJOHN.jpg,0,0
SOUL FOOD TO GO,MANHATTAN TRANSFER,en,MANHATTANTRANSFER.jpg,0,0
SPACCACUORE,SAMUELE BERSANI / LAURA PAUSINI,en,SAMUELEBERSANILAURAPAUSINI.jpg,0,0
SPAIN,CHICK KOREA / AL JARREAU,en,CHICKKOREAALJARREAU.jpg,0,0
SPIAGGE,RENATO ZERO,it,RENATOZERO.jpg,0,0
ST. ELMO’S FIRE LOVE THEME,DAVID FOSTER,en,DAVIDFOSTER.jpg,0,0
STAI CON ME,RAF,it,RAF.jpg,0,0
STAMMI VICINO,VASCO ROSSI,it,VASCOROSSI.jpg,0,0
STAND BY ME,BEN E. KING,en,BENE.KING.jpg,0,0
STARE BENE A META’,PINO DANIELE,it,PINODANIELE.jpg,0,0
STARE SENZA DI TE,POOH,it,POOH.jpg,0,0
STARMAN,DAVID BOWIE,en,DAVIDBOWIE.jpg,0,0
STARS,SIMPLY RED,en,SIMPLYRED.jpg,0,0
STARTING ALL OVER,GEORGE BENSON,en,GEORGEBENSON.jpg,0,0
STAY WITH ME,SAM SMITH,en,SAMSMITH.jpg,0,0
STELLA GEMELLA,EROS RAMAZZOTTI,it,EROSRAMAZZOTTI.jpg,0,0
STEPPIN’ YOU,JOE JACKSON,en,JOEJACKSON.jpg,0,0
STILL GOT THE BLUES,GARY MOORE,en,GARYMOORE.jpg,0,0
STILL IN LOVE,BRIAN McKNIGHT,en,BRIANMcKNIGHT.jpg,0,0
STILL LOVING YOU,SCORPION,en,SCORPION.jpg,0,0
STOP LOVING YOU,TOTO,en,TOTO.jpg,0,0
STORIE,ANNA OXA,en,ANNAOXA.jpg,0,0
STORIE DI TUTTI I GIORNI,RICCARDO FOGLI,it,RICCARDOFOGLI.jpg,0,0
STRANGERS IN THE NIGHT,FRANK SINATRA,en,FRANKSINATRA.jpg,0,0
STRANO IL MIO DESTINO,GIORGIA,it,GIORGIA.jpg,0,0
STUCK ON YOU,LIONEL RICHIE,en,LIONELRICHIE.jpg,0,0
SUDDENLY,BILLY OCEAN,en,BILLYOCEAN.jpg,0,0
SUDDENLY,C. RICHARD / O. NEWTON-JOHN,en,C.RICHARDO.NEWTON-JOHN.jpg,0,0
SUL TRENO,NEK,it,NEK.jpg,0,0
SUMMER NIGHTS,GREASE SOUNDTRACK,en,GREASESOUNDTRACK.jpg,0,0
SUMMERTIME,ARTISTI VARI / VARIOUS ARTISTS,en,ARTISTIVARIVARIOUSARTISTS.jpg,0,0
SUNNY,BOBBY HEBB,en,BOBBYHEBB.jpg,0,0
SUNRISE,NORAH JONES,en,NORAHJONES.jpg,0,0
SUSANNA,ADRIANO CELENTANO,it,ADRIANOCELENTANO.jpg,0,0
SWAY,DEAN MARTIN / M. BUBLE’,en,DEANMARTINM.BUBLE.jpg,0,0
SWEET LADY BLUE,OLIVER ONIONS,en,OLIVERONIONS.jpg,0,0
TAKE A BOW,MADONNA,en,MADONNA.jpg,0,0
TAKE FIVE,STANDARD JAZZ,en,STANDARDJAZZ.jpg,0,0
"TAKE ME HOME, COUNTRY ROADS",JOHN DENVER,en,JOHNDENVER.jpg,0,0
TAKE MY BREATH AWAY,BERLIN,en,BERLIN.jpg,0,0
TAKE ON ME,A-HA,en,A-HA.jpg,0,0
TAKE THE LONG WAY HOME,SUPERTRAMP,en,SUPERTRAMP.jpg,0,0
TAPPETO DI FRAGOLE,MODA’,it,MODA.jpg,0,0
TEARS IN HEAVEN,ERIC CLAPTON,en,ERICCLAPTON.jpg,0,0
TELL HIM,BARBRA STREISAND / CÈLINE DION,en,BARBRASTREISANDCLINEDION.jpg,0,0
TEMA DI LARA,IL DOTTOR ZIVAGO SOUNDTRACK,en,ILDOTTORZIVAGOSOUNDTRACK.jpg,0,0
TERRA PROMESSA,EROS RAMAZZOTTI,it,EROSRAMAZZOTTI.jpg,0,0
THAT’S THE WAY IT IS,CÈLINE DION,en,CLINEDION.jpg,0,0
THAT’S WHAT FRIENDS ARE FOR,DIONNE WARWICK & FRIENDS R,en,JOHNWONDER.jpg,0,0
THE ACTOR,MICHAEL LEARNS TO ROCK,en,MICHAELLEARNSTOROCK.jpg,0,0
THE BEST OF ME,O. NEWTON-JOHN / D. FOSTER,en,O.NEWTON-JOHND.FOSTER.jpg,0,0
THE FIRST TIME,SURFACE,en,SURFACE.jpg,0,0
THE GIFT,JIM BRICKMAN,en,JIMBRICKMAN.jpg,0,0
THE GIRL FROM IPANEMA,ARTISTI VARI / VARIOUS ARTISTS,en,ARTISTIVARIVARIOUSARTISTS.jpg,0,0
THE GIRL IS MINE,MICHAEL JACKSON / PAUL McCARTNEY,en,MICHAELJACKSONPAULMcCARTNEY.jpg,0,0
THE GODFATHER THEME,NINO ROTA,en,NINOROTA.jpg,0,0
THE GREAT PRETENDER,THE PLATTERS / FREDDIE MERCURY,en,THEPLATTERSFREDDIEMERCURY.jpg,0,0
THE GREATEST LOVE OF ALL,WHITNEY HOUSTON / GEORGE BENSON,en,WHITNEYHOUSTONGEORGEBENSON.jpg,0,0
THE HOUNDS OF WINTER,STING,en,STING.jpg,0,0
THE LADY IN MY LIFE,MICHAEL JACKSON,en,MICHAELJACKSON.jpg,0,0
THE LOGICAL SONG,SUPERTRAMP,en,SUPERTRAMP.jpg,0,0
THE LONG AND WINDING ROAD,THE BEATLES,en,THEBEATLES.jpg,0,0
THE LOOK OF LOVE,DIANA KRALL,en,DIANAKRALL.jpg,0,0
THE ONE,ELTON JOHN,en,ELTONJOHN.jpg,0,0
THE ONE THAT YOU LOVE,AIR SUPPLY,en,AIRSUPPLY.jpg,0,0
THE ONLY ONE,LIONEL RICHIE,en,LIONELRICHIE.jpg,0,0
THE POWER OF LOVE,CÈLINE DION,en,CLINEDION.jpg,0,0
THE POWER OF LOVE,FRANKIE GOES TO HOLLYWOOD,en,FRANKIEGOESTOHOLLYWOOD.jpg,0,0
THE POWER OF THE DREAM,CÈLINE DION,en,CLINEDION.jpg,0,0
THE PRAYER,CÈLINE DION / ANDREA BOCELLI,en,CLINEDIONANDREABOCELLI.jpg,0,0
THE PROMISE YOU MADE,COCK ROBIN,en,COCKROBIN.jpg,0,0
THE RIDDLE,NIK KERSHAW,en,NIKKERSHAW.jpg,0,0
THE RIVER,BRUCE SPRINGSTEEN,en,BRUCESPRINGSTEEN.jpg,0,0
THE ROSE,BETTE MIDLER,en,BETTEMIDLER.jpg,0,0
THE SEDUCTION,GIORGIO MORODER,en,GIORGIOMORODER.jpg,0,0
THE SHADOW OF YOUR SMILE,VARIOUS ARTISTS,en,VARIOUSARTISTS.jpg,0,0
THE SOUND OF SILENCE,SIMON / GARFUNKEL,en,SIMONGARFUNKEL.jpg,0,0
THE STORY OF MY LIFE,NEIL DIAMOND,en,NEILDIAMOND.jpg,0,0
THE TURN OF A FRIENDLY CARD,ALAN PARSONS PROJECT,en,ALANPARSONSPROJECT.jpg,0,0
THE WAY WE WERE,BARBRA STREISAND,en,BARBRASTREISAND.jpg,0,0
THE WAY YOU LOOK TONIGHT,FRANK SINATRA,en,FRANKSINATRA.jpg,0,0
THE WIND BENEATH MY WINGS,BETTE MIDLER,en,BETTEMIDLER.jpg,0,0
THE WINNER TAKES IT ALL,ABBA,en,ABBA.jpg,0,0
THESE ARE THE DAYS OF OUR LIVES,QUEEN,en,QUEEN.jpg,0,0
THEY DANCE ALONE,STING,en,STING.jpg,0,0
THINKING OUT LOUD,ED SHEERAN,en,EDSHEERAN.jpg,0,0
THIS LOVE,MAROON 5,en,MAROON5.jpg,0,0
THIS MASQUERADE,GEORGE BENSON,en,GEORGEBENSON.jpg,0,0
THIS TIME I KNOW IT’S FOR REAL,DONNA SUMMER,en,DONNASUMMER.jpg,0,0
THREE TIMES A LADY,LIONEL RICHIE,en,LIONELRICHIE.jpg,0,0
THROUGH THE EYES OF LOVE,MELISSA MANCHESTER - ICE CASTLE THEME,en,MELISSAMANCHESTERICECASTLETHEME.jpg,0,0
THROUGH THE FIRE,CHAKA KHAN,en,CHAKAKHAN.jpg,0,0
TI AMERÒ,MIGUEL BOSE’,it,MIGUELBOSE.jpg,0,0
TI AMO,UMBERTO TOZZI,it,UMBERTOTOZZI.jpg,0,0
TI LASCERO’,ANNA OXA / F. LEALI,it,ANNAOXAF.LEALI.jpg,0,0
TI PENSO,MASSIMO RANIERI,it,MASSIMORANIERI.jpg,0,0
TI PRETENDO,RAF,it,RAF.jpg,0,0
TI SPOSEREI DOMANI,POOH,it,POOH.jpg,0,0
TIENIMI CON TE,CLAUDIO BAGLIONI,it,CLAUDIOBAGLIONI.jpg,0,0
TIENIMI DENTRO DI TE,O.R.O.,en,O.R.O..jpg,0,0
TIME AFTER TIME,CINDY LAUPER,en,CINDYLAUPER.jpg,0,0
TIME TO SAY GOODBYE,ANDREA BOCELLI,en,ANDREABOCELLI.jpg,0,0
TITANIUM,DAVID GUETTA,sv,DAVIDGUETTA.jpg,0,0
TO LOVE SOMEBODY,BEE GEES / M. BOLTON,en,BEEGEESM.BOLTON.jpg,0,0
TONIGHT I CELBRATE MY LOVE,P. BRYSON / R. FLACK,en,P.BRYSONR.FLACK.jpg,0,0
TOO MUCH HEAVEN,BEE GEES,en,BEEGEES.jpg,0,0
TOO MUCH LOVE WILL KILL YOU,QUEEN,en,QUEEN.jpg,0,0
TORNERÒ,I SANTO CALIFORNIA,it,ISANTOCALIFORNIA.jpg,0,0
TOTAL ECLIPSE OF THE HEART,BONNIE TYLER,en,BONNIETYLER.jpg,0,0
TRA TE E IL MARE,LAURA PAUSINI,it,LAURAPAUSINI.jpg,0,0
TRISTEZZA,ORNELLA VANONI,it,ORNELLAVANONI.jpg,0,0
TROPICANA,GRUPPO ITALIANO,it,GRUPPOITALIANO.jpg,0,0
TRUE COLORS,CINDY LAUPER / PHIL COLLINS,en,CINDYLAUPERPHILCOLLINS.jpg,0,0
TRULY,LIONEL RICHIE,en,LIONELRICHIE.jpg,0,0
TRULY MADLY DEEPLY,SAVAGE GARDEN,en,SAVAGEGARDEN.jpg,0,0
TRY,COLBIE CAILLAT,en,COLBIECAILLAT.jpg,0,0
TU CHE NE SAI,GIGI D’ALESSIO,it,GIGIDALESSIO.jpg,0,0
TU COME STAI,CLAUDIO BAGLIONI,it,CLAUDIOBAGLIONI.jpg,0,0
TU DIMMI UN CUORE CE L’HAI,MARCO ARMANI,it,MARCOARMANI.jpg,0,0
TU DOVE SEI,POOH,hr,POOH.jpg,0,0
TU SEI L’UNICA DONNA PER ME,ALAN SORRENTI,en,ALANSORRENTI.jpg,0,0
TU SI ‘NA COSA GRANDE,MODUGNO / ZERO,en,MODUGNOZERO.jpg,0,0
TUTTI I BRIVIDI DEL MONDO,ANNA OXA,it,ANNAOXA.jpg,0,0
UMBRELLA,RIHANNA,it,RIHANNA.jpg,0,0
UN ALTRO AMORE NO,LORELLA CUCCARINI,it,LORELLACUCCARINI.jpg,0,0
UN AMORE IN DUE,ORO,it,ORO.jpg,0,0
UN ANNO DI NOI,FRANCESCA ALOTTA,en,FRANCESCAALOTTA.jpg,0,0
UN CUORE SEMPLICE,ROSSANA CASALE,it,ROSSANACASALE.jpg,0,0
UN NUOVO BACIO,D’ALESSIO / TATANGELO,it,DALESSIOTATANGELO.jpg,0,0
UN PO’ DI PIU’,CLAUDIO BAGLIONI,it,CLAUDIOBAGLIONI.jpg,0,0
UN TEMPO PICCOLO,FRANCO CALIFANO / TIROMANCINO,it,FRANCOCALIFANOTIROMANCINO.jpg,0,0
UN VECCHIO FRACK,DOMENICO MODUGNO,en,DOMENICOMODUGNO.jpg,0,0
UN’ALTRA TE,EROS RAMAZZOTTI,it,EROSRAMAZZOTTI.jpg,0,0
UN’ ESTATE FA,ARTISTI VARI / VARIOUS ARTISTS,en,ARTISTIVARIVARIOUSARTISTS.jpg,0,0
UN’ORA SOLA TI VORREI,GIORGIA / NUCCIA NATALI,en,GIORGIANUCCIANATALI.jpg,0,0
UNA CANZONE D’AMORE,883,it,883.jpg,0,0
UNA CITTA’ PER CANTARE,RON,it,RON.jpg,0,0
UNA LACRIMA SUL VISO,BOBBY SOLO,it,BOBBYSOLO.jpg,0,0
UNA LUNGA STORIA D’AMORE,GINO PAOLI,it,GINOPAOLI.jpg,0,0
UNA NOTTE IN ITALIA,IVANO FOSSATI,it,IVANOFOSSATI.jpg,0,0
UNA RAGIONE DI PIU’,ORNELLA VANONI,it,ORNELLAVANONI.jpg,0,0
UNA ROSA BLU,MICHELE ZARRILLO,it,MICHELEZARRILLO.jpg,0,0
UNA ROTONDA SUL MARE,FRED BONGUSTO,en,FREDBONGUSTO.jpg,0,0
UNBREAK MY HEART,TONI BRAXTON,en,TONIBRAXTON.jpg,0,0
UNCHAINED MELODY,ARTISTI VARI / VARIOUS ARTISTS,en,ARTISTIVARIVARIOUSARTISTS.jpg,0,0
UNE BELLE HISTOIRE,MICHEL FUGAIN,en,MICHELFUGAIN.jpg,0,0
UNFORGETTABLE,NATALIE / NAT KING COLE,no,NATALIENATKINGCOLE.jpg,0,0
UP WHERE WE BELONG,JOE COCKER / JENNIFER WARNES,en,JOECOCKER.jpg,0,0
UPTOWN GIRL,BILLY JOEL,en,BILLYJOEL.jpg,0,0
VAI VALENTINA,ORNELLA VANONI,it,ORNELLAVANONI.jpg,0,0
VENUS,BANANARAMA,it,BANANARAMA.jpg,0,0
VERSO L’IGNOTO,MARCELLA / GIANNI BELLA,it,MARCELLAGIANNIBELLA.jpg,0,0
VICTIMS,CULTURE CLUB,en,CULTURECLUB.jpg,0,0
VIDEO KILLED THE RADIO STAR,THE BUGGLES,en,THEBUGGLES.jpg,0,0
VISO D’ANGELO,CAMALEONTI,it,CAMALEONTI.jpg,0,0
VIVA FOREVER,SPICE GIRL,en,SPICEGIRL.jpg,0,0
VIVA LA VIDA,COLDPLAY,en,COLDPLAY.jpg,0,0
VIVO PER LEI,GIORGIA / A. BOCCELLI,lt,GIORGIAA.BOCCELLI.jpg,0,0
VOGLIA ‘E TURNA’,TERESA DE SIO,it,TERESADESIO.jpg,0,0
VOLAMI NEL CUORE,MINA,it,MINA.jpg,0,0
WAITING FOR A GIRL LIKE YOU,FOREIGNER,no,FOREIGNER.jpg,0,0
WALKING IN MENPHIS,CHER,en,CHER.jpg,0,0
WATER FOUNTAIN,DAVID FOSTER,en,DAVIDFOSTER.jpg,0,0
WE ARE THE CHAMPIONS,QUEEN,en,QUEEN.jpg,0,0
WE ARE THE WORLD,U.S.A. FOR AFRICA,en,U.S.A.FORAFRICA.jpg,0,0
WHAT A FEELING,IRENE CARA  FLASHDANCE THEME ),en,IRENECARAFLASHDANCETHEME.jpg,0,0
WHAT A WONDERFUL WORLD,LOUIS ARMSTRONG,en,LOUISARMSTRONG.jpg,0,0
WHAT IS LOVE,HADDAWAY,en,HADDAWAY.jpg,0,0
WHAT’S LOVE GOT TO DO WITH IT,TINA TURNER,en,TINATURNER.jpg,0,0
WHAT’S UP,4 NON BLONDES,en,4NONBLONDES.jpg,0,0
WHEELS OF LIFE,GINO VANNELLI,it,GINOVANNELLI.jpg,0,0
WHEN A MAN LOVES A WOMAN,MICHAEL BOLTON,en,MICHAELBOLTON.jpg,0,0
WHEN I FALL IN LOVE,ARTISTI VARI / VARIOUS ARTISTS,en,ARTISTIVARIVARIOUSARTISTS.jpg,0,0
WHEN I NEED YOU,LEO SAYER / CÈLINE DION,en,LEOSAYERCLINEDION.jpg,0,0
WHEN I SEE YOU SMILE,BAD ENGLISH,en,BADENGLISH.jpg,0,0
WHEN I WAS YOUR MAN,BRUNO MARS,en,BRUNOMARS.jpg,0,0
WHEN YOU SAY NOTHING AT ALL,RONAN KEATING,en,RONANKEATING.jpg,0,0
WHEN YOU TELL ME THAT YOU LOVE ME,DIANA ROSS,en,DIANAROSS.jpg,0,0
WHERE DO BROKEN HEARTS GO,WHITNEY HOUSTON,en,WHITNEYHOUSTON.jpg,0,0
WHERE DO I BEGIN ? - LOVE STORY THEME,ANDY WILLIAMS,en,ANDYWILLIAMS.jpg,0,0
WHEREVER YOU WILL GO,THE CALLING,en,THECALLING.jpg,0,0
WHILE MY GUITAR GENTLY WEEPS,THE BEATLES,en,THEBEATLES.jpg,0,0
WHILE YOU SEE A CHANCE,STEVE WINWOOD,en,STEVEWINWOOD.jpg,0,0
WHO CAN IT BE NOW,MEN AT WORK,en,MENATWORK.jpg,0,0
WHO WANTS TO LIVE FOREVER,QUEEN,en,QUEEN.jpg,0,0
WHY,RANDY CRAWFORD,en,RANDYCRAWFORD.jpg,0,0
WICKED GAME,CHRIS ISAAK,en,CHRISISAAK.jpg,0,0
WILD WORLD,CAT STEVENS,en,CATSTEVENS.jpg,0,0
WILL YOU STILL LOVE ME ?,CHICAGO,en,CHICAGO.jpg,0,0
WIND BENEATH MY WINGS,BETTE MIDLER,en,BETTEMIDLER.jpg,0,0
WIND OF CHANGE,SCORPIONS,en,SCORPIONS.jpg,0,0
WINDMILLS OF YOUR MIND,STING,en,STING.jpg,0,0
WITH A LITTLE HELP FROM MY FRIENDS,THE BEATLES,en,THEBEATLES.jpg,0,0
WITH OR WITHOUT YOU,U2,en,U2.jpg,0,0
WITH YOU I’M BORN AGAIN,B. PRESTON / SYREETA,en,B.PRESTONSYREETA.jpg,0,0
WITHOUT YOU,MARIAH CAREY,en,MARIAHCAREY.jpg,0,0
WOMAN,JOHN LENNON,en,JOHNLENNON.jpg,0,0
WOMAN IN LOVE,BARBRA STREISAND,en,BARBRASTREISAND.jpg,0,0
WONDERFUL LIFE,BLACK,en,BLACK.jpg,0,0
WONDERFUL TONIGHT,ERIC CLAPTON,en,ERICCLAPTON.jpg,0,0
WONDERWALL,OASIS,en,OASIS.jpg,0,0
WORDS,F. R. DAVID,en,F.R.DAVID.jpg,0,0
WUTHERING HEIGHTS,KATE BUSH,en,KATEBUSH.jpg,0,0
XANADU,OLIVIA NEWTON JOHN,en,OLIVIANEWTONJOHN.jpg,0,0
YEAR OF THE CAT,AL STEWART,en,ALSTEWART.jpg,0,0
YESTERDAY,THE BEATLES,en,THEBEATLES.jpg,0,0
YESTERDAY ONCE MORE,CARPENTERS,en,CARPENTERS.jpg,0,0
YOU,TEN SHARP,en,TENSHARP.jpg,0,0
YOU ARE NOT ALONE,MICHAEL JACKSON,en,MICHAELJACKSON.jpg,0,0
YOU ARE THE LOVE OF MY LIFE,GEORGE BENSON,en,GEORGEBENSON.jpg,0,0
YOU ARE THE REASON,CALUM SCOTT / LEONA LEWIS,en,CALUMSCOTTLEONALEWIS.jpg,0,0
YOU ARE THE SUNSHINE OF MY LIFE,STEVIE WONDER,en,STEVIEWONDER.jpg,0,0
YOU CAN’T HURRY LOVE,PHIL COLLINS,en,PHILCOLLINS.jpg,0,0
YOU COME TO MY SENSES,CHICAGO,en,CHICAGO.jpg,0,0
YOU GIVE ME SOMETHING,JAMES MORRISON,en,JAMESMORRISON.jpg,0,0
YOU GOTTA BE,DES’REE,en,DESREE.jpg,0,0
YOU MAKE ME FEEL BRAND NEW,SIMPLY RED,en,SIMPLYRED.jpg,0,0
YOU MAKE ME FEEL LIKE A NATURAL WOMAN,A. FRANKLIN,en,A.FRANKLIN.jpg,0,0
YOU MIGHT NEED SOMEBODY,RANDY CRAWFORD,en,RANDYCRAWFORD.jpg,0,0
YOU NEED LOVE,ALEXIA,en,ALEXIA.jpg,0,0
YOU RAISE ME UP,JOSH GROBAN / WESTLIFE,en,JOSHGROBANWESTLIFE.jpg,0,0
YOU TOOK MY HEART AWAY,MICHAEL LEARNS TO ROCK,en,MICHAELLEARNSTOROCK.jpg,0,0
YOU’LL BE IN MY HEART,PHIL COLLINS,en,PHILCOLLINS.jpg,0,0
YOU’LL SEE,MADONNA,en,MADONNA.jpg,0,0
YOU’RE MY EVERYTHING,SANTA ESMERALDA / P.  BUANNE,en,SANTAESMERALDAP.BUANNE.jpg,0,0
YOU’RE SO VAIN,CARLY SIMON,en,CARLYSIMON.jpg,0,0
YOU’RE STILL MY MAN,WHITNEY HOUSTON,en,WHITNEYHOUSTON.jpg,0,0
YOU’RE THE INSPIRATION,CHICAGO,en,CHICAGO.jpg,0,0
YOU’VE GOT A FRIEND,JAMES TAYLOR,en,JAMESTAYLOR.jpg,0,0
YOUR EYES,COOK DA BOOKS / (IL TEMPO DELLE MELE 02 ),en,COOKDABOOK.jpg,0,0
YOUR LATEST TRICK,"DIRE STRAITS”,en",,DIRESTRAITSen.jpg,0,0
YOUR SONG,ELTON JOHN,en,ELTONJOHN.jpg,0,0